시설명,종류,주소,도로명,지번주소,위도,경도,법정동
서울대진초등학교,학교,서울특별시 강남구 개포로109길 74 (개포동),서울특별시 강남구 개포로109길 74 (개포동),서울특별시 강남구 개포동 13 대진초등학교,37.49668616,127.0780435,서울특별시 강남구 개포동
서울양전초등학교,학교,서울특별시 강남구 개포로 513 (개포동),서울특별시 강남구 개포로 513 (개포동),서울특별시 강남구 개포동 183 양전초등학교,37.49046042,127.0701634,서울특별시 강남구 개포동
한국외국인학교,학교,서울특별시 강남구 개포로 408 (개포동)한국외국인학교,서울특별시 강남구 개포로 408 (개포동),서울특별시 강남구 개포동 155 한국외국인학교,37.48581816,127.0634003,서울특별시 강남구 개포동
서울개원초등학교,학교,"서울특별시 강남구 선릉로 29(개포동, 개원초등학교)",서울특별시 강남구 선릉로 29 (개포동),서울특별시 강남구 개포동 660-10 개원초등학교,37.48136587,127.0590552,서울특별시 강남구 개포동
서울개일초등학교,학교,서울특별시 강남구 개포로 401 (개포동),서울특별시 강남구 개포로 401 (개포동),서울특별시 강남구 개포동 174 개일초등학교,37.48588691,127.0581233,서울특별시 강남구 개포동
서울포이초등학교,학교,서울특별시 강남구 개포로22길 87 (개포동)서울포이초등학교,서울특별시 강남구 개포로22길 87 (개포동),서울특별시 강남구 개포동 1273 포이초등학교,37.47564016,127.0523932,서울특별시 강남구 개포동
서울구룡초등학교,학교,서울특별시 강남구 개포로 263 (개포동)서울구룡초등학교,서울특별시 강남구 개포로 263 (개포동),서울특별시 강남구 개포동 655 구룡초등학교,37.48066691,127.0521401,서울특별시 강남구 개포동
서울학동초등학교,학교,서울특별시 강남구 선릉로115길 42 (논현동),서울특별시 강남구 선릉로115길 42 (논현동),서울특별시 강남구 논현동 264-7 학동초등학교,37.51208489,127.0398476,서울특별시 강남구 논현동
서울논현초등학교,학교,서울특별시 강남구 강남대로120길 33 (논현동),서울특별시 강남구 강남대로120길 33 (논현동),서울특별시 강남구 논현동 168 논현초등학교,37.50821768,127.0262781,서울특별시 강남구 논현동
서울대곡초등학교,학교,서울특별시 강남구 남부순환로 3022 (대치동),서울특별시 강남구 남부순환로 3022 (대치동),서울특별시 강남구 대치동 510 대곡초등학교,37.49441517,127.0651652,서울특별시 강남구 대치동
서울대치초등학교,학교,서울특별시 강남구 양재천로 363 (대치동),서울특별시 강남구 양재천로 363 (대치동),서울특별시 강남구 대치동 505 대치초등학교,37.49099995,127.0621532,서울특별시 강남구 대치동
서울도곡초등학교,학교,서울특별시 강남구 선릉로64길 33 (대치동),서울특별시 강남구 선릉로64길 33 (대치동),서울특별시 강남구 대치동 924-10 도곡초등학교,37.4990552,127.0546745,서울특별시 강남구 대치동
서울언주초등학교,학교,서울특별시 강남구 남부순환로363길 19 (도곡동),서울특별시 강남구 남부순환로363길 19 (도곡동),서울특별시 강남구 도곡동 922 언주초등학교,37.48664769,127.0371101,서울특별시 강남구 도곡동
서울봉은초등학교,학교,서울특별시 강남구 학동로 610 (삼성동),서울특별시 강남구 학동로 610 (삼성동),서울특별시 강남구 삼성동 79-2 봉은초등학교,37.52038283,127.0609698,서울특별시 강남구 삼성동
서울정애학교,학교,서울특별시 강남구 봉은사로81길 16 (삼성동),서울특별시 강남구 봉은사로81길 16 (삼성동),서울특별시 강남구 삼성동 74-13 서울정애학교,37.51444312,127.0543118,서울특별시 강남구 삼성동
서울삼릉초등학교,학교,서울특별시 강남구 봉은사로63길 22 (삼성동),서울특별시 강남구 봉은사로63길 22 (삼성동),서울특별시 강남구 삼성동 42 삼릉초등학교,37.51286266,127.0471265,서울특별시 강남구 삼성동
서울세명초등학교,학교,서울특별시 강남구 자곡로 55 (세곡동),서울특별시 강남구 자곡로 55 (세곡동),서울특별시 강남구 세곡동 529 세명초등학교,37.46857822,127.0909502,서울특별시 강남구 세곡동
서울수서초등학교,학교,"서울특별시 강남구 광평로51길 46(수서동, 수서초등학교)",서울특별시 강남구 광평로51길 46 (수서동),서울특별시 강남구 수서동 709 수서초등학교,37.49084954,127.1016513,서울특별시 강남구 수서동
서울왕북초등학교,학교,서울특별시 강남구 광평로31길 74 (수서동),서울특별시 강남구 광평로31길 74 (수서동),서울특별시 강남구 수서동 745 왕북초등학교,37.48619739,127.0864862,서울특별시 강남구 수서동
서울압구정초등학교,학교,서울특별시 강남구 압구정로39길 29 (압구정동),서울특별시 강남구 압구정로39길 29 (압구정동),서울특별시 강남구 압구정동 461 압구정초등학교,37.53140068,127.0308816,서울특별시 강남구 압구정동
서울역삼초등학교,학교,서울특별시 강남구 강남대로66길 21 (역삼동),서울특별시 강남구 강남대로66길 21 (역삼동),서울특별시 강남구 역삼동 833-7 역삼초등학교,37.49280682,127.0327799,서울특별시 강남구 역삼동
서울대청초등학교,학교,"서울특별시 강남구 양재대로55길 28(일원동, 대청초등학교)",서울특별시 강남구 양재대로55길 28 (일원동),서울특별시 강남구 일원동 712 대청초등학교,37.49283239,127.0879287,서울특별시 강남구 일원동
서울대모초등학교,학교,서울특별시 강남구 광평로20길 27 (일원동),서울특별시 강남구 광평로20길 27 (일원동),서울특별시 강남구 일원동 736 대모초등학교,37.48109404,127.0862115,서울특별시 강남구 일원동
서울영희초등학교,학교,서울특별시 강남구 일원로 21 (일원동),서울특별시 강남구 일원로 21 (일원동),서울특별시 강남구 일원동 617 영희초등학교,37.49191655,127.0813098,서울특별시 강남구 일원동
서울일원초등학교,학교,서울특별시 강남구 영동대로4길 20 (일원동),서울특별시 강남구 영동대로4길 20 (일원동),서울특별시 강남구 일원동 691 일원초등학교,37.48951827,127.0763195,서울특별시 강남구 일원동
서울율현초등학교운동장놀이터,학교,서울특별시 강남구 밤고개로21길 15 (자곡동),서울특별시 강남구 밤고개로21길 15 (자곡동),서울특별시 강남구 자곡동 361-2 율현초등학교,37.47485082,127.1081341,서울특별시 강남구 자곡동
서울자곡초등학교,학교,서울특별시 강남구 자곡로 150 (자곡동),서울특별시 강남구 자곡로 150 (자곡동),서울특별시 강남구 자곡동 642 자곡초등학교,37.47209471,127.0996416,서울특별시 강남구 자곡동
서울언북초등학교,학교,서울특별시 강남구 삼성로135길 42 (청담동),서울특별시 강남구 삼성로135길 42 (청담동),서울특별시 강남구 청담동 27 언북초등학교,37.51998961,127.0456645,서울특별시 강남구 청담동
서울청담초등학교,학교,서울특별시 강남구 압구정로71길 9 (청담동),서울특별시 강남구 압구정로71길 9 (청담동),서울특별시 강남구 청담동 142 청담초등학교,37.52798145,127.0450368,서울특별시 강남구 청담동
서울강솔초등학교 놀이시설,학교,서울특별시 강동구 고덕로97길 80 (강일동)서울강솔초등학교,서울특별시 강동구 고덕로97길 80 (강일동),서울특별시 강동구 강일동 694,37.5618696,127.1802671,서울특별시 강동구 강일동
강일초등학교 놀이터,학교,서울특별시 강동구 아리수로98길 24 (강일동)서울강일초등학교,서울특별시 강동구 아리수로98길 24 (강일동),서울특별시 강동구 강일동 685 서울강일초등학교,37.5652556,127.1772127,서울특별시 강동구 강일동
서울고덕초등학교 놀이시설,학교,서울특별시 강동구 아리수로82길 42 (고덕동)서울고덕초등학교,서울특별시 강동구 아리수로82길 42 (고덕동),서울특별시 강동구 고덕동 158 서울고덕초등학교,37.56073185,127.1666176,서울특별시 강동구 고덕동
서울 명덕초등학교 놀이터,학교,서울특별시 강동구 양재대로156길 11 (고덕동)서울명덕초등학교,서울특별시 강동구 양재대로156길 11 (고덕동),서울특별시 강동구 고덕동 487-15 서울명덕초등학교,37.55689679,127.1460046,서울특별시 강동구 고덕동
서울신명초등학교 놀이시설,학교,서울특별시 강동구 명일로24길 33 (길동)서울신명초등학교,서울특별시 강동구 명일로24길 33 (길동),서울특별시 강동구 길동 42 서울신명초등학교,37.54147783,127.1494999,서울특별시 강동구 길동
서울길동초등학교 놀이터,학교,서울특별시 강동구 양재대로116길 69 (길동)서울길동초등학교,서울특별시 강동구 양재대로116길 69 (길동),서울특별시 강동구 길동 362 길동초등학교,37.53824906,127.1444535,서울특별시 강동구 길동
서울 천동초등학교 놀이터,학교,서울특별시 강동구 성안로 200 (길동)서울천동초등학교,서울특별시 강동구 성안로 200 (길동),서울특별시 강동구 길동 371-1 천동초등학교,37.54057708,127.1375374,서울특별시 강동구 길동
선린초등학교 놀이터,학교,서울특별시 강동구 진황도로61길 29 (둔촌동)서울선린초등학교,서울특별시 강동구 진황도로61길 29 (둔촌동),서울특별시 강동구 둔촌동 91-17 선린초등학교,37.52926142,127.145739,서울특별시 강동구 둔촌동
서울 한산초등학교 놀이터,학교,서울특별시 강동구 풍성로 261 (둔촌동)서울한산초등학교,서울특별시 강동구 풍성로 261 (둔촌동),서울특별시 강동구 둔촌동 149 한산초등학교,37.52807843,127.141448,서울특별시 강동구 둔촌동
서울대명초등학교 놀이시설,학교,서울특별시 강동구 상암로 271 (명일동)서울대명초등학교,서울특별시 강동구 상암로 271 (명일동),서울특별시 강동구 명일동 234 서울대명초등학교,37.54713704,127.1532874,서울특별시 강동구 명일동
명원초등학교 놀이터,학교,서울특별시 강동구 명일로 364 (명일동)서울명원초등학교,서울특별시 강동구 명일로 364 (명일동),서울특별시 강동구 명일동 39 서울명원초등학교,37.55093851,127.150447,서울특별시 강동구 명일동
고명초등학교 놀이터,학교,서울특별시 강동구 고덕로46길 53 (명일동)서울고명초등학교,서울특별시 강동구 고덕로46길 53 (명일동),서울특별시 강동구 명일동 296-1 서울고명초등학교,37.5526498,127.1468763,서울특별시 강동구 명일동
"강명초 놀이시설 1,2",학교,서울특별시 강동구 상일로 74-1 (상일동)서울강명초등학교,서울특별시 강동구 상일로 74-1 (상일동),서울특별시 강동구 상일동 480 서울강명초등학교,37.55454477,127.1734159,서울특별시 강동구 상일동
서울상일초등학교 놀이터,학교,서울특별시 강동구 천호대로 1477 (상일동)서울상일초등학교,서울특별시 강동구 천호대로 1477 (상일동),서울특별시 강동구 상일동 325-1 서울상일초등학교,37.54716294,127.172355,서울특별시 강동구 상일동
주몽학교,학교,서울특별시 강동구 상암로 369 (상일동)주몽학교,서울특별시 강동구 상암로 369 (상일동),서울특별시 강동구 상일동 179 주몽재활원,37.54643543,127.1630934,서울특별시 강동구 상일동
서울성일초등학교 놀이시설,학교,서울특별시 강동구 성내로15길 33 (성내동)서울성일초등학교,서울특별시 강동구 성내로15길 33 (성내동),서울특별시 강동구 성내동 531 서울성일초등학교,37.52911169,127.1283198,서울특별시 강동구 성내동
서울명일초등학교 놀이시설,학교,서울특별시 강동구 고덕로38길 8 (암사동)서울명일초등학교,서울특별시 강동구 고덕로38길 8 (암사동),서울특별시 강동구 암사동 418-18 서울명일초등학교,37.5538426,127.1420159,서울특별시 강동구 암사동
서울선사초등학교 어린이놀이시설,학교,서울특별시 강동구 올림픽로 837 (암사동)서울선사초등학교,서울특별시 강동구 올림픽로 837 (암사동),서울특별시 강동구 암사동 186-1 서울선사초등학교,37.55604665,127.1288102,서울특별시 강동구 암사동
서울신암초등학교,학교,서울특별시 강동구 올림픽로93길 33-16 (암사동)서울신암초등학교,서울특별시 강동구 올림픽로93길 33-16 (암사동),서울특별시 강동구 암사동 517 신암초등학교,37.54931115,127.1243325,서울특별시 강동구 암사동
천호초등학교 운동장 놀이터,학교,서울특별시 강동구 구천면로 310-11 (천호동)서울천호초등학교,서울특별시 강동구 구천면로 310-11 (천호동),서울특별시 강동구 천호동 224-21 서울천호초등학교,37.54730811,127.1359254,서울특별시 강동구 천호동
천일초등학교 운동장 놀이터,학교,서울특별시 강동구 구천면로 266 (천호동)서울천일초등학교,서울특별시 강동구 구천면로 266 (천호동),서울특별시 강동구 천호동 217-70 서울천일초등학교,37.54401524,127.1331562,서울특별시 강동구 천호동
서울강동초등학교놀이터,학교,서울특별시 강동구 상암로14길 77 (천호동)서울강동초등학교,서울특별시 강동구 상암로14길 77 (천호동),서울특별시 강동구 천호동 306 서울강동초등학교,37.54592002,127.1299447,서울특별시 강동구 천호동
서울화계초등학교 어린이놀이시설,학교,서울특별시 강북구 솔매로50가길 25 (미아동),서울특별시 강북구 솔매로50가길 25 (미아동),서울특별시 강북구 미아동 127-2 서울화계초등학교,37.62386394,127.0292824,서울특별시 강북구 미아동
서울 애화학교 놀이터,학교,서울특별시 강북구 솔매로52길 31 (미아동),서울특별시 강북구 솔매로52길 31 (미아동),서울특별시 강북구 미아동 124-2 서울애화학교,37.62524216,127.0287041,서울특별시 강북구 미아동
영훈초등학교 어린이놀이시설,학교,"서울특별시 강북구 도봉로13가길 19, 영훈학교 (미아동)",서울특별시 강북구 도봉로13가길 19 (미아동),서울특별시 강북구 미아동 471-2 영훈학교,37.61368609,127.0276838,서울특별시 강북구 미아동
서울송천초등학교 어린이놀이시설,학교,서울특별시 강북구 삼양로20길 29,서울특별시 강북구 삼양로20길 29 (미아동),서울특별시 강북구 미아동 438 송천초등학교,37.61558381,127.0236661,서울특별시 강북구 미아동
서울삼양초등학교 어린이놀이시설,학교,서울특별시 강북구 삼양로49길 17 (미아동),서울특별시 강북구 삼양로49길 17 (미아동),서울특별시 강북구 미아동 791-1932 삼양초등학교,37.62360826,127.0164922,서울특별시 강북구 미아동
서울삼각산초등학교 어린이놀이시설,학교,서울특별시 강북구 삼양로19길 141 (미아동),서울특별시 강북구 삼양로19길 141 (미아동),"서울특별시 강북구 미아동 1353-10 서울삼각산초등학교,서울삼각산중학교",37.61594399,127.0146419,서울특별시 강북구 미아동
서울미양초등학교 어린이놀이시설,학교,서울특별시 강북구 솔샘로 195 (미아동),서울특별시 강북구 솔샘로 195 (미아동),서울특별시 강북구 미아동 837-687 미양초등학교,37.62094997,127.0136663,서울특별시 강북구 미아동
서울번동초등학교 어린이놀이시설,학교,서울특별시 강북구 번3동236 (서울번동초등학교),실패,서울특별시 강북구 번3동 236 (서울번동초등학교),37.6290089,127.0407561,서울특별시 강북구 번3동
서울오현초등학교놀이터,학교,서울특별시 강북구 월계로 221 (번동),서울특별시 강북구 월계로 221 (번동),서울특별시 강북구 번동 248 오현초등학교,37.62318138,127.0468338,서울특별시 강북구 번동
서울번동초등학교 어린이놀이시설,학교,서울특별시 강북구 오현로 204 (번동),서울특별시 강북구 오현로 204 (번동),서울특별시 강북구 번동 236 번동초등학교,37.6289611,127.0407315,서울특별시 강북구 번동
서울수송초등학교 어린이놀이시설,학교,서울특별시 강북구 한천로124길 14 (번동)서울수송초등학교,서울특별시 강북구 한천로124길 14 (번동),서울특별시 강북구 번동 456 수송초등학교,37.63708664,127.0329926,서울특별시 강북구 번동
수유초등학교 놀이터,학교,서울특별시 강북구 삼양로74길 39 (수유동),서울특별시 강북구 삼양로74길 39 (수유동),서울특별시 강북구 수유동 55-5 수유초등학교,37.63058652,127.0202942,서울특별시 강북구 수유동
서울 우이초등학교 놀이터,학교,서울특별시 강북구 삼양로93길 23 (수유동),서울특별시 강북구 삼양로93길 23 (수유동),서울특별시 강북구 수유동 409 창성빌딩,37.63788524,127.0158747,서울특별시 강북구 수유동
한빛맹학교실내놀이터,학교,서울특별시 강북구 삼양로73가길 47 (수유동),서울특별시 강북구 삼양로73가길 47 (수유동),서울특별시 강북구 수유동 484-21 한빛맹학교,37.62810928,127.0156933,서울특별시 강북구 수유동
한빛맹학교,학교,"서울특별시 강북구 삼양로73가길 47, 한빛맹아학교 (수유동)",서울특별시 강북구 삼양로73가길 47 (수유동),서울특별시 강북구 수유동 484-21 한빛맹학교,37.62810928,127.0156933,서울특별시 강북구 수유동
서울정인학교,학교,서울특별시 강북구 인수봉로 119-20 (수유동),서울특별시 강북구 인수봉로 119-20 (수유동),서울특별시 강북구 수유동 468-305 정인학교,37.63078333,127.0119113,서울특별시 강북구 수유동
서울유현초등학교 놀이터,학교,"서울특별시 강북구 인수봉로37길 24, 서울유현초등학교 (수유동)",서울특별시 강북구 인수봉로37길 24 (수유동),서울특별시 강북구 수유동 466-52 서울유현초등학교,37.63196479,127.0115537,서울특별시 강북구 수유동
서울인수초등학교놀이터,학교,서울특별시 강북구 인수봉로 269 (수유동),서울특별시 강북구 인수봉로 269 (수유동),서울특별시 강북구 수유동 551-19 서울인수초등학교,37.64286599,127.0100202,서울특별시 강북구 수유동
서울 염강초등학교 놀이터,학교,"서울특별시 강서구 허준로 221-22(가양동, 염강초등학교)",서울특별시 강서구 허준로 221-22 (가양동),서울특별시 강서구 가양동 1492 염강초등학교,37.56102849,126.8643933,서울특별시 강서구 가양동
서울가양초등학교 놀이터,학교,서울특별시 강서구 허준로 186 (가양동),서울특별시 강서구 허준로 186 (가양동),서울특별시 강서구 가양동 1484 가양초등학교,37.5616951,126.8590215,서울특별시 강서구 가양동
탑산초등학교 놀이터,학교,서울특별시 강서구 허준로 109 (가양동),서울특별시 강서구 허준로 109 (가양동),서울특별시 강서구 가양동 1473 탑산초등학교,37.56673249,126.852484,서울특별시 강서구 가양동
서울양천초등학교 놀이시설,학교,서울특별시 강서구 양천로 329,서울특별시 강서구 양천로 329 (가양동),서울특별시 강서구 가양동 272-11 양천초등학교,37.57002506,126.8395368,서울특별시 강서구 가양동
서울공항초등학교 어린이놀이시설,학교,서울특별시 강서구 공항대로 91 (공항동),"서울특별시 강서구 공항대로8길 91 (공항동,평화2차주택)",서울특별시 강서구 공항동 55-334 평화2차주택,37.55695992,126.8124322,서울특별시 강서구 공항동
서울송정초등학교 어린이놀이시설,학교,서울특별시 강서구 공항대로3길 18 (공항동),서울특별시 강서구 공항대로3길 18 (공항동),서울특별시 강서구 공항동 22-16 송정초등학교,37.56244113,126.8111142,서울특별시 강서구 공항동
서울내발산초등학교 놀이터,학교,서울특별시 강서구 강서로46길 23 (내발산동),서울특별시 강서구 강서로46길 23 (내발산동),서울특별시 강서구 내발산동 707 내발산초등학교,37.55126692,126.8377967,서울특별시 강서구 내발산동
서울발산초등학교 놀이기구,학교,서울특별시 강서구 강서로45길 113 (내발산동),서울특별시 강서구 강서로45길 113 (내발산동),서울특별시 강서구 내발산동 408 발산초등학교,37.54993523,126.8308846,서울특별시 강서구 내발산동
서울 수명초등학교 본관뒤 놀이터,학교,서울특별시 강서구 수명로1길 84 (내발산동),서울특별시 강서구 수명로1길 84 (내발산동),서울특별시 강서구 내발산동 752 서울수명초등학교,37.5526025,126.8238274,서울특별시 강서구 내발산동
서울백석초등학교 놀이터,학교,서울특별시 강서구 공항대로 491 (등촌동),서울특별시 강서구 공항대로 491 (등촌동),서울특별시 강서구 등촌동 650-14 백석초등학교,37.55325177,126.8621222,서울특별시 강서구 등촌동
서울등마초등학교 놀이시설,학교,서울특별시 강서구 등촌로35길 12 (등촌동),서울특별시 강서구 등촌로35길 12 (등촌동),서울특별시 강서구 등촌동 718 서울등마초등학교,37.54198773,126.8617586,서울특별시 강서구 등촌동
서울등촌초등학교 놀이기구,학교,서울특별시 강서구 등촌로39길 71 (등촌동),서울특별시 강서구 등촌로39길 71 (등촌동),서울특별시 강서구 등촌동 520-4 등촌초등학교,37.54763845,126.8583228,서울특별시 강서구 등촌동
서울등촌초등학교,학교,서울특별시 강서구 등촌로39길 71 (등촌동),서울특별시 강서구 등촌로39길 71 (등촌동),서울특별시 강서구 등촌동 520-4 등촌초등학교,37.54763845,126.8583228,서울특별시 강서구 등촌동
유석초등학교 놀이시설,학교,"서울특별시 강서구 화곡로69길 9(등촌동, 유석초등학교)",서울특별시 강서구 화곡로69길 9 (등촌동),서울특별시 강서구 등촌동 82-1 유석초등학교,37.55961274,126.8532927,서울특별시 강서구 등촌동
서울등원초등학교 어린이놀이시설,학교,서울특별시 강서구 화곡로65길 90 (등촌동),서울특별시 강서구 화곡로65길 90 (등촌동),서울특별시 강서구 등촌동 704-1 등원초등학교,37.56045504,126.849857,서울특별시 강서구 등촌동
서울등현초등학교 놀이시설,학교,서울특별시 강서구 화곡로65길 124 (등촌동),서울특별시 강서구 화곡로65길 124 (등촌동),서울특별시 강서구 등촌동 702-5 등현초등학교,37.5612946,126.8477572,서울특별시 강서구 등촌동
서울 등양초등학교 놀이터,학교,서울특별시 강서구 강서로56나길 140 (등촌동),서울특별시 강서구 강서로56나길 140 (등촌동),서울특별시 강서구 등촌동 691 등양초등학교,37.56479426,126.844666,서울특별시 강서구 등촌동
서울등명초등학교 놀이시설,학교,서울특별시 강서구 강서로56나길 34 (등촌동),서울특별시 강서구 강서로56나길 34 (등촌동),서울특별시 강서구 등촌동 690-2 등명초등학교,37.56062423,126.8422904,서울특별시 강서구 등촌동
마곡공진초등학교 놀이시설,학교,서울특별시 강서구 마곡서로 33 (마곡동),서울특별시 강서구 마곡서로 33 (마곡동),서울특별시 강서구 마곡동 749-2 서울공진초등학교,37.5575107,126.82258,서울특별시 강서구 마곡동
정곡초 놀이시설,학교,서울특별시 강서구 방화대로50길 22 (방화동),서울특별시 강서구 방화대로50길 22 (방화동),서울특별시 강서구 방화동 836 정곡초등학교,37.57676011,126.8189211,서울특별시 강서구 방화동
서울 송화초등학교 놀이터,학교,서울특별시 강서구 방화대로34길 2 (방화동),서울특별시 강서구 방화대로34길 2 (방화동),서울특별시 강서구 방화동 217-35 송화초등학교,37.5681505,126.818033,서울특별시 강서구 방화동
서울치현초등학교 놀이시설,학교,"서울특별시 강서구 방화대로47길 43, 서울치현초등학교 (방화동)",서울특별시 강서구 방화대로47길 43 (방화동),서울특별시 강서구 방화동 833 치현초등학교,37.57561656,126.814572,서울특별시 강서구 방화동
서울삼정초등학교 놀이시설,학교,서울특별시 강서구 금낭화로 222 (방화동),서울특별시 강서구 금낭화로 222 (방화동),서울특별시 강서구 방화동 798 삼정초등학교,37.58010536,126.8103091,서울특별시 강서구 방화동
방화초등학교 놀이터,학교,서울특별시 강서구 양천로6길 92 (방화동),서울특별시 강서구 양천로6길 92 (방화동),서울특별시 강서구 방화동 648-1 방화초등학교,37.56859516,126.8057517,서울특별시 강서구 방화동
서울 개화초등학교 놀이시설,학교,서울특별시 강서구 양천로 11 (방화동),서울특별시 강서구 양천로 11 (방화동),서울특별시 강서구 방화동 500-17 개화초등학교,37.57263763,126.8049623,서울특별시 강서구 방화동
서울염동초등학교 놀이터,학교,"서울특별시 강서구 양천로73길 17, 서울염동초등학교 (염창동)",서울특별시 강서구 양천로73길 17 (염창동),서울특별시 강서구 염창동 45-4 염동초등학교,37.55222905,126.8722404,서울특별시 강서구 염창동
서울염창초등학교 놀이터,학교,서울특별시 강서구 양천로 646-28 (염창동),서울특별시 강서구 양천로 646-28 (염창동),서울특별시 강서구 염창동 269 염창초등학교,37.55296752,126.8680292,서울특별시 강서구 염창동
서울 신곡초등학교 놀이터,학교,서울특별시 강서구 등촌로13자길 42-14 (화곡동),서울특별시 강서구 등촌로13자길 42-14 (화곡동),서울특별시 강서구 화곡동 476-42 신곡초등학교,37.53869112,126.8558732,서울특별시 강서구 화곡동
서울등서초등학교 놀이시설,학교,서울특별시 강서구 화곡로58길 86 (화곡동),서울특별시 강서구 화곡로58길 86 (화곡동),서울특별시 강서구 화곡동 1130-4 등서초등학교,37.55176649,126.8550232,서울특별시 강서구 화곡동
서울 신정초등학교 놀이터,학교,서울특별시 강서구 곰달래로31가길 27 (화곡동),서울특별시 강서구 곰달래로31가길 27 (화곡동),서울특별시 강서구 화곡동 869-42 신정초등학교,37.53272521,126.8525526,서울특별시 강서구 화곡동
교남학교,학교,서울특별시 강서구 까치산로22길 38 (화곡동),서울특별시 강서구 까치산로22길 38 (화곡동),서울특별시 강서구 화곡동 960-22 교남학교,37.54812801,126.8524906,서울특별시 강서구 화곡동
교남학교 놀이터,학교,"서울특별시 강서구 까치산로22길 38, 교남학교 (화곡동)",서울특별시 강서구 까치산로22길 38 (화곡동),서울특별시 강서구 화곡동 960-22 교남학교,37.54812801,126.8524906,서울특별시 강서구 화곡동
서울 화일초등학교 놀이터,학교,서울특별시 강서구 까치산로10길 70,서울특별시 강서구 까치산로10길 70 (화곡동),서울특별시 강서구 화곡동 61-184 서울화일초등학교,37.54059315,126.8475225,서울특별시 강서구 화곡동
화곡초등학교 놀이터,학교,서울특별시 강서구 초록마을로 28 (화곡동),서울특별시 강서구 초록마을로 28 (화곡동),서울특별시 강서구 화곡동 24-266 화곡초등학교,37.54320977,126.8460104,서울특별시 강서구 화곡동
서울신월초등학교 어린이놀이시설,학교,"서울특별시 강서구 강서로31길 48, 서울신월초등학교 (화곡동)",서울특별시 강서구 강서로31길 48 (화곡동),서울특별시 강서구 화곡동 1080 신월초등학교,37.53999714,126.839141,서울특별시 강서구 화곡동
서울월정초등학교 놀이터,학교,서울특별시 강서구 월정로 176 (화곡동),서울특별시 강서구 월정로 176 (화곡동),서울특별시 강서구 화곡동 374-1 월정초등학교,37.53443299,126.8361544,서울특별시 강서구 화곡동
서울사당초등학교 어린이 놀이터,학교,서울특별시 관악구 남현4길 51 (남현동)서울사당초등학교,서울특별시 관악구 남현4길 51 (남현동),서울특별시 관악구 남현동 1080-1 서울사당초등학교,37.47406932,126.9742919,서울특별시 관악구 남현동
서울인헌초등학교 어린이놀이터,학교,서울특별시 관악구 낙성대로 23 (봉천동),서울특별시 관악구 낙성대로 23 (봉천동),서울특별시 관악구 봉천동 212-3 서울인헌초등학교,37.47637094,126.9601261,서울특별시 관악구 봉천동
서울봉천초등학교 어린이놀이터,학교,서울특별시 관악구 행운1라길 17 (봉천동),서울특별시 관악구 행운1라길 17 (봉천동),서울특별시 관악구 봉천동 28-6 서울봉천초등학교,37.48295658,126.9580175,서울특별시 관악구 봉천동
서울원당초등학교 어린이놀이터,학교,서울특별시 관악구 봉천로 505 (봉천동)원당초등학교,서울특별시 관악구 봉천로 505 (봉천동),서울특별시 관악구 봉천동 1669-1 서울원당초등학교,37.48109817,126.9561659,서울특별시 관악구 봉천동
서울청룡초등학교 어린이놀이터,학교,서울특별시 관악구 관악로5길 61 (봉천동)청룡초등학교,서울특별시 관악구 관악로5길 61 (봉천동),서울특별시 관악구 봉천동 390-3 서울청룡초등학교,37.47612558,126.9511813,서울특별시 관악구 봉천동
서울신봉초등학교 어린이놀이터,학교,서울특별시 관악구 양녕로6나길 1 (봉천동),서울특별시 관악구 양녕로6나길 1 (봉천동),서울특별시 관악구 봉천동 458 서울신봉초등학교,37.48537129,126.9491666,서울특별시 관악구 봉천동
서울구암초등학교 어린이놀이터,학교,서울특별시 관악구 구암길 1 (봉천동),서울특별시 관악구 구암길 1 (봉천동),서울특별시 관악구 봉천동 483-3 서울구암초등학교,37.48927746,126.9469977,서울특별시 관악구 봉천동
서울삼성초등학교 어린이놀이터,학교,서울특별시 관악구 대학7길 52 (신림동),서울특별시 관악구 대학7길 52 (신림동),서울특별시 관악구 신림동 233-1 서울삼성초등학교,37.46803861,126.9410878,서울특별시 관악구 신림동
서울신성초등학교 어린이놀이터,학교,서울특별시 관악구 신림로 114 (신림동),서울특별시 관악구 신림로 114 (신림동),서울특별시 관악구 신림동 117-4 서울신성초등학교,37.47158803,126.9366328,서울특별시 관악구 신림동
서울신우초등학교 어린이놀이터,학교,서울특별시 관악구 호암로 498 (신림동),서울특별시 관악구 호암로 498 (신림동),서울특별시 관악구 신림동 315 서울신우초등학교,37.46274043,126.9324626,서울특별시 관악구 신림동
서울신림초등학교 어린이놀이터,학교,서울특별시 관악구 문성로28길 31 (신림동),서울특별시 관악구 문성로28길 31 (신림동),서울특별시 관악구 신림동 418-20 서울신림초등학교,37.47724093,126.9274973,서울특별시 관악구 신림동
원신초 놀이시설,학교,서울특별시 관악구 광신길 177 (신림동),서울특별시 관악구 광신길 177 (신림동),서울특별시 관악구 신림동 336 서울원신초등학교,37.46689508,126.9274529,서울특별시 관악구 신림동
남부초등학교,학교,서울특별시 관악구 남부순환로163길 14 (신림동),서울특별시 관악구 남부순환로163길 14 (신림동),서울특별시 관악구 신림동 467 서울남부초등학교,37.48488859,126.9221195,서울특별시 관악구 신림동
서울난향초등학교 어린이놀이터,학교,"서울특별시 관악구 난향길 9(신림동, 난향초등학교)서울난향초등학교",서울특별시 관악구 난향길 9 (신림동),서울특별시 관악구 신림동 672 서울난향초등학교,37.46210507,126.9178909,서울특별시 관악구 신림동
서울난우초등학교 어린이놀이터,학교,서울특별시 관악구 난우길 40 (신림동),서울특별시 관악구 난우길 40 (신림동),서울특별시 관악구 신림동 589-1 서울난우초등학교,37.47657719,126.9177612,서울특별시 관악구 신림동
서울난곡초등학교 어린이놀이터,학교,서울특별시 관악구 난곡로35길 102 (신림동),서울특별시 관악구 난곡로35길 102 (신림동),서울특별시 관악구 신림동 711-136 서울난곡초등학교,37.46921762,126.917065,서울특별시 관악구 신림동
서울정문학교 실내어린이놀이시설,학교,서울특별시 관악구 난향3길 31 (신림동),서울특별시 관악구 난향3길 31 (신림동),서울특별시 관악구 신림동 673-82 서울정문학교,37.46167417,126.9166015,서울특별시 관악구 신림동
서울미성초등학교 어린이놀이터,학교,"서울특별시 관악구 문성로 79(신림동, 미성초등학교)",서울특별시 관악구 문성로 79 (신림동),서울특별시 관악구 신림동 768-21 서울미성초등학교,37.47803505,126.9111244,서울특별시 관악구 신림동
광장초 놀이시설,학교,서울특별시 광진구 광장로1길 27 (광장동),서울특별시 광진구 광장로1길 27 (광장동),서울특별시 광진구 광장동 389-1 서울광장초등학교,37.54825543,127.1013598,서울특별시 광진구 광장동
광남초 놀이시설,학교,서울특별시 광진구 아차산로70길 35 (광장동),서울특별시 광진구 아차산로70길 35 (광장동),서울특별시 광진구 광장동 554,37.54079296,127.1009102,서울특별시 광진구 광장동
양진초 놀이시설,학교,"서울특별시 광진구 워커힐로 32(광장동, 양진초중학교)",서울특별시 광진구 워커힐로 32 (광장동),서울특별시 광진구 광장동 414-1 양진초중학교,37.54461271,127.0982305,서울특별시 광진구 광장동
동의초 놀이시설,학교,서울특별시 광진구 구의2동 영화사로 111,실패,서울특별시 광진구 구의2동 영화사로 111,37.5535753,127.1003869,서울특별시 광진구 구의동
구남초 놀이시설,학교,서울특별시 광진구 구의강변로 69 (구의동),서울특별시 광진구 구의강변로 69 (구의동),서울특별시 광진구 구의동 587-95 서울구남초등학교,37.53682351,127.0922032,서울특별시 광진구 구의동
광진학교 놀이시설2,학교,서울특별시 광진구 강변역로 18 (구의동),서울특별시 광진구 강변역로 18 (구의동),서울특별시 광진구 구의동 587-52 서울광진학교,37.53731645,127.0916661,서울특별시 광진구 구의동
광진학교 놀이시설1,학교,서울특별시 광진구 강변역로 18 (구의동),서울특별시 광진구 강변역로 18 (구의동),서울특별시 광진구 구의동 587-52 서울광진학교,37.53731645,127.0916661,서울특별시 광진구 구의동
광진초 놀이시설,학교,서울특별시 광진구 자양로40길 41 (구의동),서울특별시 광진구 자양로40길 41 (구의동),서울특별시 광진구 구의동 60-44 광진초등학교,37.54767014,127.0911099,서울특별시 광진구 구의동
세종초 놀이시설,학교,서울특별시 광진구 군자로 114 (군자동),서울특별시 광진구 군자로 114 (군자동),서울특별시 광진구 군자동 98 세종초등학교,37.55075696,127.0745542,서울특별시 광진구 군자동
장안초 놀이시설,학교,서울특별시 광진구 군자로 74 (군자동),서울특별시 광진구 군자로 74 (군자동),서울특별시 광진구 군자동 365 서울장안초등학교,37.54991756,127.0720747,서울특별시 광진구 군자동
경복초 놀이시설,학교,서울특별시 광진구 천호대로130길 58 (능동),서울특별시 광진구 천호대로130길 58 (능동),서울특별시 광진구 능동 25 경복초등학교,37.55036877,127.0871516,서울특별시 광진구 능동
양남초 놀이시설,학교,서울특별시 광진구 뚝섬로64길 71 (자양동),서울특별시 광진구 뚝섬로64길 71 (자양동),서울특별시 광진구 자양동 692 서울양남초등학교,37.53074125,127.0897287,서울특별시 광진구 자양동
성동초 놀이시설,학교,서울특별시 광진구 자양로4길 63 (자양동),서울특별시 광진구 자양로4길 63 (자양동),서울특별시 광진구 자양동 694-1 성동초등학교,37.53300242,127.0894958,서울특별시 광진구 자양동
성자초 놀이시설,학교,서울특별시 광진구 뚝섬로56길 7 (자양동),서울특별시 광진구 뚝섬로56길 7 (자양동),서울특별시 광진구 자양동 662 서울성자초등학교,37.53118123,127.0831223,서울특별시 광진구 자양동
자양초병유 놀이시설1,학교,서울특별시 광진구 아차산로44길 26 (자양동),서울특별시 광진구 아차산로44길 26 (자양동),서울특별시 광진구 자양동 222-6 서울자양초등학교,37.53679854,127.0795315,서울특별시 광진구 자양동
자양초병유 놀이시설2,학교,서울특별시 광진구 아차산로44길 26 (자양동)서울특별시 광진구 아차산로 44길 26,서울특별시 광진구 아차산로44길 26 (자양동),서울특별시 광진구 자양동 222-6 서울자양초등학교,37.53679854,127.0795315,서울특별시 광진구 자양동
신자초 놀이시설,학교,서울특별시 광진구 뚝섬로46길 64 (자양동),서울특별시 광진구 뚝섬로46길 64 (자양동),서울특별시 광진구 자양동 591 서울신자초등학교,37.53008035,127.0755416,서울특별시 광진구 자양동
동자초 놀이시설,학교,서울특별시 광진구 뚝섬로 561 (자양동)동자초등학교,서울특별시 광진구 뚝섬로 561 (자양동),서울특별시 광진구 자양동 516-4 동자초등학교,37.53470889,127.0720121,서울특별시 광진구 자양동
신양초 놀이시설,학교,서울특별시 광진구 능동로 42 (자양동),서울특별시 광진구 능동로 42 (자양동),서울특별시 광진구 자양동 504 서울신양초등학교,37.53459056,127.0691809,서울특별시 광진구 자양동
용곡초 놀이시설,학교,서울특별시 광진구 용마산로22길 82 (중곡동),서울특별시 광진구 용마산로22길 82 (중곡동),서울특별시 광진구 중곡동 176-1 서울용곡초등학교,37.56683438,127.0885147,서울특별시 광진구 중곡동
용마초 놀이시설,학교,서울특별시 광진구 천호대로113길 10 (중곡동),서울특별시 광진구 천호대로113길 10 (중곡동),서울특별시 광진구 중곡동 135-1 서울용마초등학교,37.55803103,127.0843131,서울특별시 광진구 중곡동
중광초 놀이시설,학교,서울특별시 광진구 긴고랑로13길 59 (중곡동),서울특별시 광진구 긴고랑로13길 59 (중곡동),서울특별시 광진구 중곡동 220-22 중광초등학교,37.56516904,127.0824224,서울특별시 광진구 중곡동
중마초 놀이시설,학교,"서울특별시 광진구 동일로72길 43(중곡동, 서울중마초등학교)",서울특별시 광진구 동일로72길 43 (중곡동),서울특별시 광진구 중곡동 191-69 서울중마초등학교,37.5658643,127.0797012,서울특별시 광진구 중곡동
구의초 놀이시설,학교,서울특별시 광진구 광나루로30길 49 (화양동),서울특별시 광진구 광나루로30길 49 (화양동),서울특별시 광진구 화양동 303-9 서울구의초등학교,37.54276536,127.0803762,서울특별시 광진구 화양동
화양초 놀이시설,학교,"서울특별시 광진구 군자로 9, 서울특별시 화양초등학교 (화양동)",서울특별시 광진구 군자로 9 (화양동),서울특별시 광진구 화양동 12-2 서울화양초등학교,37.54414916,127.0711901,서울특별시 광진구 화양동
영일초등학교,학교,서울특별시 구로구 남부순환로105길 218 (가리봉동),서울특별시 구로구 남부순환로105길 218 (가리봉동),서울특별시 구로구 가리봉동 17 영일초등학교,37.48530932,126.8838629,서울특별시 구로구 가리봉동
서울개봉초등학교 놀이터,학교,서울특별시 구로구 개봉로16길 30-11 (개봉동),서울특별시 구로구 개봉로16길 30-11 (개봉동),서울특별시 구로구 개봉동 266 개봉초등학교,37.48943218,126.8584495,서울특별시 구로구 개봉동
서울개명초등학교 놀이터,학교,서울특별시 구로구 개봉로1다길 16-9 (개봉동),서울특별시 구로구 개봉로1다길 16-9 (개봉동),서울특별시 구로구 개봉동 314-165 개명초등학교,37.4830078,126.8505982,서울특별시 구로구 개봉동
서울개웅초등학교 놀이터,학교,서울특별시 구로구 개봉로11길 98 (개봉동)서울개웅초등학교,서울특별시 구로구 개봉로11길 98 (개봉동),서울특별시 구로구 개봉동 산53-25 개웅초등학교,37.48867521,126.8503141,서울특별시 구로구 개봉동
서울매봉초등학교 놀이시설,학교,서울특별시 구로구 고척로21길 55 (개봉동),서울특별시 구로구 고척로21길 55 (개봉동),서울특별시 구로구 개봉동 3 매봉초등학교,37.50440251,126.8445348,서울특별시 구로구 개봉동
서울고원초등학교 놀이터,학교,"서울특별시 구로구 경인로46길 13(고척동, 서울고원초등학교)",서울특별시 구로구 경인로46길 13 (고척동),서울특별시 구로구 고척동 66-26 서울고원초등학교,37.49757944,126.8657735,서울특별시 구로구 고척동
서울 고산초등학교 놀이터,학교,서울특별시 구로구 중앙로 6 (고척동),서울특별시 구로구 중앙로 6 (고척동),서울특별시 구로구 고척동 76-10 고산초등학교,37.49909815,126.8653868,서울특별시 구로구 고척동
서울 고척초등학교 놀이터,학교,서울특별시 구로구 경서로 31 (고척동),서울특별시 구로구 경서로 31 (고척동),서울특별시 구로구 고척동 129-3 서울고척초등학교,37.50067818,126.8572379,서울특별시 구로구 고척동
덕의초등학교 놀이터,학교,서울특별시 구로구 고척로 213,서울특별시 구로구 고척로 213 (고척동),서울특별시 구로구 고척동 217 덕의초등학교,37.50604324,126.8565198,서울특별시 구로구 고척동
세곡초등학교 놀이터,학교,서울특별시 구로구 고척로33길 34 (고척동),서울특별시 구로구 고척로33길 34 (고척동),서울특별시 구로구 고척동 253-129 세곡초등학교,37.50481731,126.8491113,서울특별시 구로구 고척동
서울영서초등학교 놀이시설,학교,서울특별시 구로구 도림로20길 57 (구로동),서울특별시 구로구 도림로20길 57 (구로동),서울특별시 구로구 구로동 165-1 영서초등학교,37.48832841,126.8950096,서울특별시 구로구 구로동
동구로초등학교 놀이터,학교,서울특별시 구로구 구로중앙로14길 43 (구로동),서울특별시 구로구 구로중앙로14길 43 (구로동),서울특별시 구로구 구로동 93 동구로초등학교,37.49481393,126.892663,서울특별시 구로구 구로동
서울구로남초등학교 실내놀이시설,학교,서울특별시 구로구 디지털로27길 76 (구로동)서울구로남초등학교,서울특별시 구로구 디지털로27길 76 (구로동),서울특별시 구로구 구로동 253 구로남초등학교,37.48499231,126.8907238,서울특별시 구로구 구로동
구로남초등학교 2구역,학교,서울특별시 구로구 디지털로27길 76 (구로동),서울특별시 구로구 디지털로27길 76 (구로동),서울특별시 구로구 구로동 253 구로남초등학교,37.48499231,126.8907238,서울특별시 구로구 구로동
구로남초등학교 1구역,학교,서울특별시 구로구 디지털로27길 76 (구로동),서울특별시 구로구 디지털로27길 76 (구로동),서울특별시 구로구 구로동 253 구로남초등학교,37.48499231,126.8907238,서울특별시 구로구 구로동
서울신구로초등학교 놀이시설,학교,"서울특별시 구로구 가마산로27길 69, 서울신구로초등학교 (구로동)",서울특별시 구로구 가마산로27길 69 (구로동),서울특별시 구로구 구로동 105 서울신구로초등학교,37.49942365,126.8893281,서울특별시 구로구 구로동
미래초등학교 놀이터,학교,서울특별시 구로구 새말로 73 (구로동),서울특별시 구로구 새말로 73 (구로동),서울특별시 구로구 구로동 3-13 미래초등학교,37.50506063,126.8880123,서울특별시 구로구 구로동
서울구로초등학교 놀이시설,학교,서울특별시 구로구 구로중앙로27나길 9 (구로동),서울특별시 구로구 구로중앙로27나길 9 (구로동),서울특별시 구로구 구로동 443 구로초등학교,37.49689049,126.885961,서울특별시 구로구 구로동
서울구일초등학교 놀이터,학교,서울특별시 구로구 구일로 68 (구로동),서울특별시 구로구 구일로 68 (구로동),서울특별시 구로구 구로동 685-221 구일초등학교,37.49262043,126.8729877,서울특별시 구로구 구로동
정진학교 코끼리방,학교,서울특별시 구로구 부일로9길 158 (궁동),서울특별시 구로구 부일로9길 158 (궁동),서울특별시 구로구 궁동 242 서울정진학교,37.49808233,126.822287,서울특별시 구로구 궁동
정진학교,학교,서울특별시 구로구 부일로9길 158 (궁동),서울특별시 구로구 부일로9길 158 (궁동),서울특별시 구로구 궁동 242 서울정진학교,37.49808233,126.822287,서울특별시 구로구 궁동
서울신도림초등학교 놀이터,학교,서울특별시 구로구 신도림로19길 44 (신도림동),서울특별시 구로구 신도림로19길 44 (신도림동),서울특별시 구로구 신도림동 300-6 신도림초등학교,37.51232015,126.8829111,서울특별시 구로구 신도림동
신미림초등학교 놀이터,학교,서울특별시 구로구 신도림로 26 (신도림동),서울특별시 구로구 신도림로 26 (신도림동),서울특별시 구로구 신도림동 398-28 신미림초등학교,37.50670135,126.8795085,서울특별시 구로구 신도림동
서울오류초등학교 놀이터,학교,서울특별시 구로구 경인로19길 39 (오류동),서울특별시 구로구 경인로19길 39 (오류동),서울특별시 구로구 오류동 13-3 서울오류초등학교,37.49856377,126.8421277,서울특별시 구로구 오류동
오류남초등학교 놀이터,학교,서울특별시 구로구 서해안로24길 22 (오류동),서울특별시 구로구 서해안로24길 22 (오류동),서울특별시 구로구 오류동 191-1 오류남초등학교,37.4895371,126.8384102,서울특별시 구로구 오류동
서울 오정초등학교 놀이터,학교,서울특별시 구로구 경인로2길 10,서울특별시 구로구 경인로2길 10 (오류동),서울특별시 구로구 오류동 108-28 서울오정초등학교,37.4897085,126.8262664,서울특별시 구로구 오류동
서울온수초등학교 놀이터,학교,서울특별시 구로구 부일로 893,서울특별시 구로구 부일로 893 (온수동),서울특별시 구로구 온수동 9-34 온수초등학교,37.49383213,126.8261528,서울특별시 구로구 온수동
천왕초등학교,학교,서울특별시 구로구 천왕로1길 11 (천왕동),서울특별시 구로구 천왕로1길 11 (천왕동),서울특별시 구로구 천왕동 273-2 천왕초등학교,37.48142998,126.8370425,서울특별시 구로구 천왕동
성베드로학교 실내,학교,"서울특별시 구로구 연동로 320, 성베드로학교 (항동)",서울특별시 구로구 연동로 320 (항동),서울특별시 구로구 항동 1-1 성공회대학교,37.48744138,126.8261119,서울특별시 구로구 항동
서울영남초등학교 놀이터,학교,서울특별시 금천구 문성로 62-15,서울특별시 금천구 문성로 62-15 (독산동),서울특별시 금천구 독산동 59-27 서울영남초등학교,37.47584047,126.9094913,서울특별시 금천구 독산동
서울문교초등학교놀이터,학교,서울특별시 금천구 독산로54길 102 (독산동),서울특별시 금천구 독산로54길 102 (독산동),서울특별시 금천구 독산동 산202-1 문교초등학교,37.46639261,126.908673,서울특별시 금천구 독산동
서울 정심초등학교 놀이터,학교,서울특별시 금천구 독산로78다길 89 (독산동),서울특별시 금천구 독산로78다길 89 (독산동),서울특별시 금천구 독산동 182-44 정심초등학교,37.47159471,126.9083946,서울특별시 금천구 독산동
독산초등학교 놀이터,학교,서울특별시 금천구 시흥대로104길 31 (독산동)서울특별시 금천구 시흥대로 104길 31 (독산2동 1034번지),서울특별시 금천구 시흥대로104길 31 (독산동),서울특별시 금천구 독산동 1034 독산초등학교,37.46522955,126.9000566,서울특별시 금천구 독산동
문성초등학교 실내,학교,서울특별시 금천구 시흥대로 460 (독산동),서울특별시 금천구 시흥대로 460 (독산동),서울특별시 금천구 독산동 982 서울문성초등학교,37.47456524,126.8993502,서울특별시 금천구 독산동
문성초등학교,학교,서울특별시 금천구 시흥대로 460 (독산동),서울특별시 금천구 시흥대로 460 (독산동),서울특별시 금천구 독산동 982 서울문성초등학교,37.47456524,126.8993502,서울특별시 금천구 독산동
서울 가산초등학교 놀이터,학교,서울특별시 금천구 남부순환로 1304-11,서울특별시 금천구 남부순환로 1304-11 (독산동),서울특별시 금천구 독산동 143-23,37.47795355,126.8964535,서울특별시 금천구 독산동
두산초등학교 놀이터,학교,서울특별시 금천구 범안로11길 3 (독산동),서울특별시 금천구 범안로11길 3 (독산동),서울특별시 금천구 독산동 1002-5,37.46722781,126.8909554,서울특별시 금천구 독산동
서울 안천초등학교 놀이터,학교,서울특별시 금천구 한내로 69-16,서울특별시 금천구 한내로 69-16 (독산동),서울특별시 금천구 독산동 1090 안천초등학교,37.45818477,126.8885158,서울특별시 금천구 독산동
서울금동초등학교 어린이놀이시설,학교,서울특별시 금천구 금하로30길 53 (시흥동),서울특별시 금천구 금하로30길 53 (시흥동),서울특별시 금천구 시흥동 1013-1,37.44755767,126.9165453,서울특별시 금천구 시흥동
서울탑동초등학교 어린이놀이시설,학교,서울특별시 금천구 탑골로 47-3 (시흥동),서울특별시 금천구 탑골로 47-3 (시흥동),서울특별시 금천구 시흥동 230 탑동초등학교,37.45272497,126.9145082,서울특별시 금천구 시흥동
금천초등학교 놀이터,학교,서울특별시 금천구 탑골로5길 60 (시흥동),서울특별시 금천구 탑골로5길 60 (시흥동),서울특별시 금천구 시흥동 216 금천초등학교,37.45473463,126.912134,서울특별시 금천구 시흥동
신흥초등학교 놀이시설,학교,서울특별시 금천구 독산로36나길 21 (시흥동),서울특별시 금천구 독산로36나길 21 (시흥동),서울특별시 금천구 시흥동 704-56 신흥초등학교,37.45941329,126.9088732,서울특별시 금천구 시흥동
서울 금산초등학교 놀이터,학교,서울특별시 금천구 시흥대로24길 57 (시흥동),서울특별시 금천구 시흥대로24길 57 (시흥동),서울특별시 금천구 시흥동 653-27 서울금산초등학교,37.44165386,126.9081673,서울특별시 금천구 시흥동
서울백산초등학교 놀이터,학교,서울특별시 금천구 시흥대로38길 78 (시흥동),서울특별시 금천구 시흥대로38길 78 (시흥동),서울특별시 금천구 시흥동 438-5 백산초등학교,37.44700283,126.9050095,서울특별시 금천구 시흥동
서울시흥초등학교 놀이터,학교,서울특별시 금천구 독산로23길 26 (시흥동),서울특별시 금천구 독산로23길 26 (시흥동),서울특별시 금천구 시흥동 841-19 서울시흥초등학교,37.45484775,126.9048627,서울특별시 금천구 시흥동
서울 문백초등학교 놀이터,학교,서울특별시 금천구 시흥대로47길 43-1 (시흥동),서울특별시 금천구 시흥대로47길 43-1 (시흥동),서울특별시 금천구 시흥동 564-5 문백초등학교,37.44708933,126.8992608,서울특별시 금천구 시흥동
태강삼육초 놀이시설,학교,서울특별시 노원구 화랑로 815 (공릉동),서울특별시 노원구 화랑로 815 (공릉동),서울특별시 노원구 공릉동 26-19 삼육대학교,37.64404522,127.1079589,서울특별시 노원구 공릉동
화랑초 놀이시설,학교,서울특별시 노원구 화랑로 621 (공릉동),서울특별시 노원구 화랑로 621 (공릉동),서울특별시 노원구 공릉동 126 서울여자대학교,37.627509,127.090828,서울특별시 노원구 공릉동
태랑초 놀이시설,학교,"서울특별시 노원구 화랑로51나길 31, 서울태랑초등학교 (공릉동)",서울특별시 노원구 화랑로51나길 31 (공릉동),서울특별시 노원구 공릉동 116 서울태랑초등학교,37.62621325,127.0906541,서울특별시 노원구 공릉동
태릉초 놀이시설,학교,서울특별시 노원구 노원로1길 36 (공릉동),서울특별시 노원구 노원로1길 36 (공릉동),서울특별시 노원구 공릉동 250-5 태릉초등학교,37.62253786,127.0849725,서울특별시 노원구 공릉동
공연초 놀이시설,학교,서울특별시 노원구 동일로192가길 16 (공릉동),서울특별시 노원구 동일로192가길 16 (공릉동),서울특별시 노원구 공릉동 371-10 서울공연초등학교,37.62702331,127.0744062,서울특별시 노원구 공릉동
공릉초 놀이시설,학교,서울특별시 노원구 동일로173길 12 (공릉동),서울특별시 노원구 동일로173길 12 (공릉동),서울특별시 노원구 공릉동 610-1 서울공릉초등학교,37.61907522,127.0743684,서울특별시 노원구 공릉동
용원초 놀이시설,학교,"서울특별시 노원구 섬밭로 144(공릉동, 서울용원초등학교)",서울특별시 노원구 섬밭로 144 (공릉동),서울특별시 노원구 공릉동 709 서울용원초등학교,37.62928424,127.0688915,서울특별시 노원구 공릉동
덕암초 놀이시설,학교,"서울특별시 노원구 덕릉로112길 68, 서울덕암초등학교 (상계동)",서울특별시 노원구 덕릉로112길 68 (상계동),서울특별시 노원구 상계동 1274 서울덕암초등학교,37.66654451,127.0812634,서울특별시 노원구 상계동
상월초 놀이시설,학교,서울특별시 노원구 상계동,"서울특별시 노원구 노원로28길 62 (상계동,상계동 한일유앤아이 아파트)",서울특별시 노원구 상계동 1,37.68225156,127.077275,서울특별시 노원구 상계동
신상계초 놀이시설,학교,"서울특별시 노원구 상계로 267(상계동, 신상계초등학교)",서울특별시 노원구 상계로 267 (상계동),서울특별시 노원구 상계동 86-1 신상계초등학교,37.66792605,127.0758485,서울특별시 노원구 상계동
계상초 놀이시설,학교,"서울특별시 노원구 한글비석로41가길 24(상계동, 계상초등학교)",서울특별시 노원구 한글비석로41가길 24 (상계동),서울특별시 노원구 상계동 447-1 계상초등학교,37.66308318,127.0677937,서울특별시 노원구 상계동
온곡초 놀이시설,학교,서울특별시 노원구 한글비석로52길 59 (상계동)서울온곡초등학교,서울특별시 노원구 한글비석로52길 59 (상계동),서울특별시 노원구 상계동 638 온곡초등학교,37.66737843,127.0659882,서울특별시 노원구 상계동
상계초 놀이시설,학교,"서울특별시 노원구 상계로9길 39, 서울상계초등학교 (상계동)",서울특별시 노원구 상계로9길 39 (상계동),서울특별시 노원구 상계동 402-1 상계초등학교,37.65919305,127.065956,서울특별시 노원구 상계동
상수초 놀이시설,학교,서울특별시 노원구 동일로216길 66 (상계동),서울특별시 노원구 동일로216길 66 (상계동),서울특별시 노원구 상계동 755 상수초등학교,37.6516239,127.0648858,서울특별시 노원구 상계동
상곡초 놀이시설,학교,서울특별시 노원구 노원로38길 34 (상계동)상곡초등학교,서울특별시 노원구 노원로38길 34 (상계동),서울특별시 노원구 상계동 678 상곡초등학교,37.66237922,127.0624967,서울특별시 노원구 상계동
청원초 놀이시설,학교,서울특별시 노원구 한글비석로 506 (상계동),서울특별시 노원구 한글비석로 506 (상계동),"서울특별시 노원구 상계동 641 청원초,청원중,청원고,청원여고",37.66598916,127.0621758,서울특별시 노원구 상계동
서울상원초등학교 놀이터,학교,서울특별시 노원구 한글비석로54길 119서울상원초등학교,서울특별시 노원구 한글비석로54길 119 (상계동),서울특별시 노원구 상계동 645 상원초등학교,37.66765466,127.0601176,서울특별시 노원구 상계동
당현초 놀이시설,학교,서울특별시 노원구 동일로213길 52 (상계동),서울특별시 노원구 동일로213길 52 (상계동),서울특별시 노원구 상계동 742 당현초등학교,37.64863376,127.0583815,서울특별시 노원구 상계동
상천초 놀이시설,학교,"서울특별시 노원구 덕릉로 443, 상천초등학교 (상계동)",서울특별시 노원구 덕릉로 443 (상계동),서울특별시 노원구 상계동 768 상천초등학교,37.64596163,127.057859,서울특별시 노원구 상계동
노일초 놀이시설,학교,서울특별시 노원구 동일로 1625 (상계동),서울특별시 노원구 동일로 1625 (상계동),서울특별시 노원구 상계동 1044-2 노일초등학교,37.67320807,127.0548473,서울특별시 노원구 상계동
동일초 놀이시설,학교,서울특별시 노원구 한글비석로 566 (상계동),서울특별시 노원구 한글비석로 566 (상계동),서울특별시 노원구 상계동 655 동일초등학교,37.66500171,127.0546874,서울특별시 노원구 상계동
수락초 놀이시설,학교,서울특별시 노원구 동일로 1745,서울특별시 노원구 동일로 1745 (상계동),서울특별시 노원구 상계동 1171-2 서울수락초등학교,37.6840084,127.0545469,서울특별시 노원구 상계동
상경초 놀이시설,학교,"서울특별시 노원구 수락산로 237(상계동, 상경초등학교)",서울특별시 노원구 수락산로 237 (상계동),서울특별시 노원구 상계동 621 상경초등학교,37.67034864,127.051693,서울특별시 노원구 상계동
한천초 놀이시설,학교,서울특별시 노원구 마들로 45 (월계동),서울특별시 노원구 마들로 45 (월계동),서울특별시 노원구 월계동 3-7 서울한천초등학교,37.6201855,127.0689157,서울특별시 노원구 월계동
녹천초 놀이시설,학교,서울특별시 노원구 마들로3길 34 (월계동),서울특별시 노원구 마들로3길 34 (월계동),서울특별시 노원구 월계동 322-2 서울녹천초등학교,37.62866427,127.0634222,서울특별시 노원구 월계동
연지초 놀이시설,학교,서울특별시 노원구 월계로55길 48 (월계동),서울특별시 노원구 월계로55길 48 (월계동),서울특별시 노원구 월계동 320-8 서울연지초등학교,37.63349567,127.0599561,서울특별시 노원구 월계동
선곡초 놀이시설,학교,"서울특별시 노원구 광운로2길 1, 서울선곡초등학교 (월계동)",서울특별시 노원구 광운로2길 1 (월계동),서울특별시 노원구 월계동 446 선곡초등학교,37.6184643,127.0581472,서울특별시 노원구 월계동
신계초 놀이시설,학교,서울특별시 노원구 초안산로 29 (월계동),서울특별시 노원구 초안산로 29 (월계동),서울특별시 노원구 월계동 602 신계초등학교,37.63002844,127.0531425,서울특별시 노원구 월계동
월계초 놀이시설,학교,서울특별시 노원구 월계로45가길 10 (월계동),서울특별시 노원구 월계로45가길 10 (월계동),서울특별시 노원구 월계동 561 월계초등학교,37.62765945,127.0507662,서울특별시 노원구 월계동
서울수암초등학교병설유치원 어린이놀이시설,학교,서울특별시 노원구 중계로12길 9 (중계동)서울수암초등학교,서울특별시 노원구 중계로12길 9 (중계동),서울특별시 노원구 중계동 67 수암초등학교,37.64816355,127.0814872,서울특별시 노원구 중계동
수암초 놀이시설,학교,서울특별시 노원구 중계로12길 9 (중계동),서울특별시 노원구 중계로12길 9 (중계동),서울특별시 노원구 중계동 67 수암초등학교,37.64816355,127.0814872,서울특별시 노원구 중계동
불암초 놀이시설(2구역),학교,서울특별시 노원구 중계로 178 (중계동),서울특별시 노원구 중계로 178 (중계동),서울특별시 노원구 중계동 366-2 불암초등학교,37.65112509,127.0805305,서울특별시 노원구 중계동
불암초 놀이시설(1구역),학교,서울특별시 노원구 중계로 178 (중계동),서울특별시 노원구 중계로 178 (중계동),서울특별시 노원구 중계동 366-2 불암초등학교,37.65112509,127.0805305,서울특별시 노원구 중계동
원광초 놀이시설,학교,"서울특별시 노원구 덕릉로76길 18, 서울원광초등학교 (중계동)",서울특별시 노원구 덕릉로76길 18 (중계동),서울특별시 노원구 중계동 359 원광초등학교,37.65402197,127.0749019,서울특별시 노원구 중계동
서울중계초등학교,학교,서울특별시 노원구 한글비석로19길 39 (중계동),서울특별시 노원구 한글비석로19길 39 (중계동),서울특별시 노원구 중계동 449-2 서울중계초등학교,37.65749992,127.0732658,서울특별시 노원구 중계동
을지초 놀이시설,학교,서울특별시 노원구 중계로 239 (중계동),서울특별시 노원구 중계로 239 (중계동),서울특별시 노원구 중계동 360 서울을지초등학교,37.65061243,127.0728862,서울특별시 노원구 중계동
용동초 놀이시설,학교,서울특별시 노원구 한글비석로1길 81-11 (중계동),서울특별시 노원구 한글비석로1길 81-11 (중계동),서울특별시 노원구 중계동 510-1 용동초등학교,37.64155127,127.0694753,서울특별시 노원구 중계동
상명초 놀이시설,학교,"서울특별시 노원구 덕릉로 541(중계동, 상명초등학교)",서울특별시 노원구 덕릉로 541 (중계동),서울특별시 노원구 중계동 515-1 상명초등학교,37.64841307,127.067657,서울특별시 노원구 중계동
청계초 놀이시설,학교,서울특별시 노원구 공릉로 431 (중계동)서울청계초등학교,서울특별시 노원구 공릉로 431 (중계동),서울특별시 노원구 중계동 513-1 청계초등학교,37.64466804,127.0662865,서울특별시 노원구 중계동
중원초 놀이시설,학교,서울특별시 노원구 섬밭로 316 (중계동),서울특별시 노원구 섬밭로 316 (중계동),서울특별시 노원구 중계동 502 중원초등학교,37.64366169,127.0627847,서울특별시 노원구 중계동
연촌초 놀이시설,학교,"서울특별시 노원구 공릉로58길 36(하계동, 연촌초등학교)",서울특별시 노원구 공릉로58길 36 (하계동),서울특별시 노원구 하계동 152 연촌초등학교,37.63423659,127.0729916,서울특별시 노원구 하계동
중현초 놀이시설,학교,서울특별시 노원구 섬밭로 181 (하계동),서울특별시 노원구 섬밭로 181 (하계동),서울특별시 노원구 하계동 272-2 중현초등학교,37.6321186,127.0665222,서울특별시 노원구 하계동
중평초 놀이시설,학교,서울특별시 노원구 섬밭로 241 (하계동),서울특별시 노원구 섬밭로 241 (하계동),서울특별시 노원구 하계동 271 중평초등학교,37.63729443,127.0641764,서울특별시 노원구 하계동
누원초 놀이시설,학교,서울특별시 도봉구 마들로 859-44 (도봉동),서울특별시 도봉구 마들로 859-44 (도봉동),서울특별시 도봉구 도봉동 22-19 서울누원초등학교,37.68667046,127.0496737,서울특별시 도봉구 도봉동
인강학교 실내놀이시설,학교,서울특별시 도봉구 평화로15번길 9-25 (도봉동)서울인강학교,서울특별시 도봉구 평화로15번길 9-25 (도봉동),서울특별시 도봉구 도봉동 381-1 사회복지법인 인강원,37.69463574,127.042284,서울특별시 도봉구 도봉동
인강학교 놀이시설,학교,서울특별시 도봉구 평화로15번길 9-25 (도봉동)서울인강학교,서울특별시 도봉구 평화로15번길 9-25 (도봉동),서울특별시 도봉구 도봉동 381-1 사회복지법인 인강원,37.69463574,127.042284,서울특별시 도봉구 도봉동
오봉초 놀이시설,학교,서울특별시 도봉구 시루봉로 285,서울특별시 도봉구 시루봉로 285 (도봉동),서울특별시 도봉구 도봉동 608-22 서울오봉초등학교,37.67167608,127.0403747,서울특별시 도봉구 도봉동
도봉초 놀이시설,학교,서울특별시 도봉구 도봉로173길 96 (도봉동),서울특별시 도봉구 도봉로173길 96 (도봉동),서울특별시 도봉구 도봉동 429-1 도봉초등학교,37.67946257,127.0383399,서울특별시 도봉구 도봉동
창도초 놀이시설,학교,서울특별시 도봉구 방학로 32-28,서울특별시 도봉구 방학로 32-28 (방학동),서울특별시 도봉구 방학동 722-2 서울창도초등학교,37.66361051,127.0490283,서울특별시 도봉구 방학동
방학초 놀이시설,학교,서울특별시 도봉구 도당로9길 34 (방학동),서울특별시 도봉구 도당로9길 34 (방학동),서울특별시 도봉구 방학동 302 방학초등학교,37.66392214,127.0320414,서울특별시 도봉구 방학동
신방학초 놀이시설,학교,서울특별시 도봉구 시루봉로 173 (방학동),서울특별시 도봉구 시루봉로 173 (방학동),서울특별시 도봉구 방학동 310 신방학초등학교,37.66578979,127.0293671,서울특별시 도봉구 방학동
신학초 놀이시설,학교,서울특별시 도봉구 방학로 247-21 (방학동),서울특별시 도봉구 방학로 247-21 (방학동),서울특별시 도봉구 방학동 460-5 서울신학초등학교,37.6607897,127.025282,서울특별시 도봉구 방학동
초당초 놀이시설,학교,서울특별시 도봉구 해등로32길 11 (방학동),서울특별시 도봉구 해등로32길 11 (방학동),서울특별시 도봉구 방학동 514-2 서울초당초등학교,37.65814609,127.0223052,서울특별시 도봉구 방학동
창경초 놀이시설,학교,서울특별시 도봉구 도봉로129길 54,서울특별시 도봉구 도봉로129길 54 (쌍문동),서울특별시 도봉구 쌍문동 72 창경초등학교,37.65603812,127.0350338,서울특별시 도봉구 쌍문동
숭미초 놀이시설,학교,서울특별시 도봉구 노해로 179 (쌍문동)서울숭미초등학교,서울특별시 도봉구 노해로 179 (쌍문동),서울특별시 도봉구 쌍문동 309-3 숭미초등학교,37.6507869,127.0278482,서울특별시 도봉구 쌍문동
동북초 놀이시설,학교,"서울특별시 도봉구 시루봉로 53, 동북초등학교 (쌍문동)서울특별시 도봉구 시루봉로 53(쌍문동 263) 동북초등학교",서울특별시 도봉구 시루봉로 53 (쌍문동),서울특별시 도봉구 쌍문동 산74 학교법인세그루학원,37.65648668,127.0267843,서울특별시 도봉구 쌍문동
쌍문초 놀이시설(뒷편),학교,서울특별시 도봉구 우이천로 360 (쌍문동),서울특별시 도봉구 우이천로 360 (쌍문동),서울특별시 도봉구 쌍문동 360-4 쌍문초등학교,37.64860159,127.0245552,서울특별시 도봉구 쌍문동
쌍문초 놀이시설,학교,서울특별시 도봉구 우이천로 360 (쌍문동),서울특별시 도봉구 우이천로 360 (쌍문동),서울특별시 도봉구 쌍문동 360-4 쌍문초등학교,37.64860159,127.0245552,서울특별시 도봉구 쌍문동
백운초 놀이시설,학교,"서울특별시 도봉구 삼양로146길 17(쌍문동, 백운초등학교)",서울특별시 도봉구 삼양로146길 17 (쌍문동),서울특별시 도봉구 쌍문동 422-2 백운초등학교,37.65300974,127.0135537,서울특별시 도봉구 쌍문동
월천초 놀이시설,학교,서울특별시 도봉구 노해로70길 96 (창동),서울특별시 도봉구 노해로70길 96 (창동),서울특별시 도봉구 창동 29 서울월천초등학교,37.64783575,127.0519601,서울특별시 도봉구 창동
창일초 놀이시설,학교,서울특별시 도봉구 노해로66길 84 (창동),서울특별시 도봉구 노해로66길 84 (창동),서울특별시 도봉구 창동 371 창일초등학교,37.64746431,127.0475952,서울특별시 도봉구 창동
서울자운초등학교 놀이터,학교,서울특별시 도봉구 마들로13길 166 (창동),서울특별시 도봉구 마들로13길 166 (창동),서울특별시 도봉구 창동 181-19 자운초등학교,37.65761245,127.0466362,서울특별시 도봉구 창동
창동초 놀이시설,학교,서울특별시 도봉구 해등로16길 81 (창동),서울특별시 도봉구 해등로16길 81 (창동),서울특별시 도봉구 창동 266 창동초등학교,37.6551377,127.0448275,서울특별시 도봉구 창동
가인초 놀이시설,학교,서울특별시 도봉구 도봉로136다길 4 (창동),서울특별시 도봉구 도봉로136다길 4 (창동),서울특별시 도봉구 창동 224-20 가인초등학교,37.65989575,127.043323,서울특별시 도봉구 창동
신창초 놀이시설,학교,서울특별시 도봉구 덕릉로60길 93 (창동),서울특별시 도봉구 덕릉로60길 93 (창동),서울특별시 도봉구 창동 468-1 신창초등학교,37.63626633,127.0420953,서울특별시 도봉구 창동
창림초 놀이시설,학교,서울특별시 도봉구 덕릉로63길 46 (창동),서울특별시 도봉구 덕릉로63길 46 (창동),서울특별시 도봉구 창동 411-8 창림초등학교,37.64318209,127.0413444,서울특별시 도봉구 창동
창원초 놀이시설,학교,서울특별시 도봉구 해등로 103,서울특별시 도봉구 해등로 103 (창동),서울특별시 도봉구 창동 308 서울창원초등학교,37.65235759,127.0406138,서울특별시 도봉구 창동
동답초 놀이시설,학교,서울특별시 동대문구 답십리로60길 12 (답십리동),서울특별시 동대문구 답십리로60길 12 (답십리동),서울특별시 동대문구 답십리동 2-24 서울동답초등학교,37.57192764,127.0646039,서울특별시 동대문구 답십리동
답십리초 놀이시설,학교,서울특별시 동대문구 전농로3길 23 (답십리동),서울특별시 동대문구 전농로3길 23 (답십리동),서울특별시 동대문구 답십리동 274 답십리초등학교,37.56890728,127.0556577,서울특별시 동대문구 답십리동
용두초 놀이시설,학교,"서울특별시 동대문구 천호대로13길 43, 서울용두초등학교 (용두동)",서울특별시 동대문구 천호대로13길 43 (용두동),서울특별시 동대문구 용두동 237-1 서울용두초등학교,37.5759701,127.0289892,서울특별시 동대문구 용두동
이문초 놀이시설,학교,서울특별시 동대문구 신이문로 16 (이문동),서울특별시 동대문구 신이문로 16 (이문동),서울특별시 동대문구 이문동 164-26 서울이문초등학교,37.60231393,127.064687,서울특별시 동대문구 이문동
은석초 놀이시설,학교,서울특별시 동대문구 장안벚꽃로 205 (장안동)동대문구 장안벚꽃로205,서울특별시 동대문구 장안벚꽃로 205 (장안동),서울특별시 동대문구 장안동 328 은석초등학교,37.57795269,127.0752664,서울특별시 동대문구 장안동
장평초 놀이시설,학교,서울특별시 동대문구 답십리로69길 27 (장안동),서울특별시 동대문구 답십리로69길 27 (장안동),서울특별시 동대문구 장안동 323 서울장평초등학교,37.57353998,127.0733005,서울특별시 동대문구 장안동
안평초 놀이시설,학교,서울특별시 동대문구 장한로14길 61 (장안동),서울특별시 동대문구 장한로14길 61 (장안동),서울특별시 동대문구 장안동 353-1 서울안평초등학교,37.56568702,127.0718396,서울특별시 동대문구 장안동
군자초 놀이시설,학교,"서울특별시 동대문구 한천로6길 21, 서울군자초등학교 (장안동)",서울특별시 동대문구 한천로6길 21 (장안동),서울특별시 동대문구 장안동 239-2 서울군자초등학교,37.56419487,127.0609397,서울특별시 동대문구 장안동
배봉초 놀이시설,학교,서울특별시 동대문구 사가정로 193 (전농동),서울특별시 동대문구 사가정로 193 (전농동),서울특별시 동대문구 전농동 3-111 서울배봉초등학교,37.57985056,127.0663453,서울특별시 동대문구 전농동
서울전동초등학교,학교,서울특별시 동대문구 전농로16길 61 (전농동),서울특별시 동대문구 전농로16길 61 (전농동),서울특별시 동대문구 전농동 45-41 서울전동초등학교,37.57896678,127.061311,서울특별시 동대문구 전농동
전곡초 놀이시설,학교,서울특별시 동대문구 전농로 172 (전농동)(전농동),서울특별시 동대문구 전농로 172 (전농동),서울특별시 동대문구 전농동 188 서울전곡초등학교,37.58052034,127.056622,서울특별시 동대문구 전농동
전농초 놀이시설,학교,서울특별시 동대문구 사가정로 66 (전농동),서울특별시 동대문구 사가정로 66 (전농동),서울특별시 동대문구 전농동 298 서울전농초등학교,37.57458272,127.0544002,서울특별시 동대문구 전농동
홍파초 놀이시설,학교,서울특별시 동대문구 고산자로 518 (제기동),서울특별시 동대문구 고산자로 518 (제기동),서울특별시 동대문구 제기동 678 서울홍파초등학교,37.58631152,127.0396422,서울특별시 동대문구 제기동
종암초 놀이시설,학교,서울특별시 동대문구 무학로44길 25 (제기동),서울특별시 동대문구 무학로44길 25 (제기동),서울특별시 동대문구 제기동 1157 서울종암초등학교,37.58185911,127.0310382,서울특별시 동대문구 제기동
홍릉초 놀이시설,학교,서울특별시 동대문구 회기로 90 (청량리동),서울특별시 동대문구 회기로 90 (청량리동),서울특별시 동대문구 청량리동 206-44 서울홍릉초등학교,37.59097047,127.0471644,서울특별시 동대문구 청량리동
청량초 놀이시설,학교,서울특별시 동대문구 회기로25길 31 (회기동),서울특별시 동대문구 회기로25길 31 (회기동),서울특별시 동대문구 회기동 1-1 서울청량초등학교,37.592072,127.0554593,서울특별시 동대문구 회기동
경희초 놀이시설,학교,서울특별시 동대문구 경희대로 26 (회기동),서울특별시 동대문구 경희대로 26 (회기동),"서울특별시 동대문구 회기동 1-5 경희대학교,경희초,중,고,여자중고등학교",37.59711985,127.0508667,서울특별시 동대문구 회기동
서울삼육초 놀이시설,학교,"서울특별시 동대문구 회기로10길 63, 서울삼육초등학교 (회기동)",서울특별시 동대문구 회기로10길 63 (회기동),서울특별시 동대문구 회기동 102-48 서울삼육초등학교,37.58930948,127.0480811,서울특별시 동대문구 회기동
휘봉초등학교 놀이시설,학교,서울특별시 동대문구 장안벚꽃로 309 (휘경동)(휘경동),서울특별시 동대문구 장안벚꽃로 309 (휘경동),서울특별시 동대문구 휘경동 49-27 서울휘봉초등학교,37.58609262,127.0701395,서울특별시 동대문구 휘경동
휘경초 놀이시설,학교,서울특별시 동대문구 망우로6길 48 (휘경동)휘경동,서울특별시 동대문구 망우로6길 48 (휘경동),서울특별시 동대문구 휘경동 302-2 서울휘경초등학교,37.58585056,127.0584315,서울특별시 동대문구 휘경동
서울노량진초등학교 어린이놀이터,학교,서울특별시 동작구 장승배기로 160 (노량진동),서울특별시 동작구 장승배기로 160 (노량진동),서울특별시 동작구 노량진동 49-12 노량진초등학교,37.51192144,126.9404125,서울특별시 동작구 노량진동
서울영화초등학교 어린이놀이터,학교,"서울특별시 동작구 등용로8길 3, 서울영화초등학교 (대방동)",서울특별시 동작구 등용로8길 3 (대방동),서울특별시 동작구 대방동 44-3 영화초등학교,37.50947247,126.9331808,서울특별시 동작구 대방동
서울신길초등학교 어린이놀이터,학교,서울특별시 동작구 알마타길 16 (대방동),서울특별시 동작구 알마타길 16 (대방동),서울특별시 동작구 대방동 351-6 서울신길초등학교,37.51042997,126.9266743,서울특별시 동작구 대방동
서울대림초등학교 놀이터,학교,서울특별시 동작구 대방동1길 22 (대방동),서울특별시 동작구 대방동1길 22 (대방동),서울특별시 동작구 대방동 391-62 서울대림초등학교,37.50064842,126.9257337,서울특별시 동작구 대방동
서울본동초등학교 어린이놀이터,학교,서울특별시 동작구 노량진로26길 16-40 (본동),서울특별시 동작구 노량진로26길 16-40 (본동),서울특별시 동작구 본동 50-8 서울본동초등학교,37.5105738,126.954035,서울특별시 동작구 본동
서울영본초등학교 어린이놀이터,학교,서울특별시 동작구 만양로12가길 69 (본동),서울특별시 동작구 만양로12가길 69 (본동),서울특별시 동작구 본동 441-11 서울영본초등학교,37.51049243,126.9486594,서울특별시 동작구 본동
서울남사초등학교 어린이놀이터,학교,"서울특별시 동작구 동작대로13길 22, 서울남사초등학교 (사당동)",서울특별시 동작구 동작대로13길 22 (사당동),서울특별시 동작구 사당동 1011-1 서울남사초등학교,37.48234363,126.9788622,서울특별시 동작구 사당동
서울동작초등학교 어린이놀이시설,학교,서울특별시 동작구 동작대로29길 214 (사당동),서울특별시 동작구 동작대로29길 214 (사당동),서울특별시 동작구 사당동 산9-1 서울동작초등학교,37.4940111,126.9769923,서울특별시 동작구 사당동
서울남성초등학교 어린이놀이터,학교,"서울특별시 동작구 사당로23길 57-14, 서울남성초등학교 (사당동)",서울특별시 동작구 사당로23길 57-14 (사당동),서울특별시 동작구 사당동 324-18 서울남성초등학교,37.48460958,126.9757664,서울특별시 동작구 사당동
서울삼일초등학교 어린이놀이터,학교,"서울특별시 동작구 사당로23나길 27(사당동, 서울삼일초등학교)",서울특별시 동작구 사당로23나길 27 (사당동),서울특별시 동작구 사당동 105-23 서울삼일초등학교,37.48847947,126.9752627,서울특별시 동작구 사당동
서울행림초등학교 어린이놀이터1,학교,서울특별시 동작구 솔밭로 61-6 (사당동),"서울특별시 동작구 솔밭로 61-6 (사당동,화원빌라)",서울특별시 동작구 사당동 236-4 화원빌라,37.48219896,126.9660298,서울특별시 동작구 사당동
서울신남성초등학교 어린이놀이터,학교,"서울특별시 동작구 사당로 146(사당동, 서울신남성초등학교)",서울특별시 동작구 사당로 146 (사당동),서울특별시 동작구 사당동 199-1 서울신남성초등학교,37.48851016,126.9653033,서울특별시 동작구 사당동
서울강남초등학교 어린이놀이터,학교,서울특별시 동작구 강남초등길 15 (상도1동)강남초등학교,서울특별시 동작구 강남초등길 15 (상도1동),서울특별시 동작구 상도1동 501-1 강남초등학교,37.50614804,126.95276,서울특별시 동작구 상도동
서울신상도초등학교 어린이놀이터,학교,서울특별시 동작구 장승배기로 14 (상도동)신상도초등학교,서울특별시 동작구 장승배기로 14 (상도동),서울특별시 동작구 상도동 산65-59 서울신상도초등학교,37.49992391,126.9432266,서울특별시 동작구 상도동
서울상도초등학교 어린이놀이터,학교,"서울특별시 동작구 성대로21길 62(상도동, 상도초등학교)",서울특별시 동작구 성대로21길 62 (상도동),서울특별시 동작구 상도동 238-2 상도초등학교,37.49971115,126.9373883,서울특별시 동작구 상도동
서울보라매초등학교 어린이놀이터,학교,서울특별시 동작구 여의대방로16길 30 (신대방동),서울특별시 동작구 여의대방로16길 30 (신대방동),서울특별시 동작구 신대방동 488-1 서울보라매초등학교,37.49573187,126.9160839,서울특별시 동작구 신대방동
서울흑석초등학교 어린이놀이터,학교,서울특별시 동작구 현충로 87서울흑석초등학교,서울특별시 동작구 현충로 87 (흑석동),서울특별시 동작구 흑석동 7-1 서울흑석초등학교,37.50860574,126.9651135,서울특별시 동작구 흑석동
은로초 놀이시설,학교,서울특별시 동작구 서달로 115 (흑석동),서울특별시 동작구 서달로 115 (흑석동),서울특별시 동작구 흑석동 245-1 은로초등학교,37.50329334,126.9600685,서울특별시 동작구 흑석동
서울중앙대학교사범대학부속초등학교 어린이놀이터,학교,서울특별시 동작구 서달로 135 (흑석동),서울특별시 동작구 서달로 135 (흑석동),서울특별시 동작구 흑석동 233-2 중앙대부속초등학교,37.5054599,126.9599698,서울특별시 동작구 흑석동
공덕초 놀이시설,학교,서울특별시 마포구 만리재옛길 13 (공덕동),서울특별시 마포구 만리재옛길 13 (공덕동),서울특별시 마포구 공덕동 256-4 공덕초등학교,37.54578424,126.9541856,서울특별시 마포구 공덕동
창천초 놀이시설,학교,서울특별시 마포구 백범로1길 56 (노고산동),서울특별시 마포구 백범로1길 56 (노고산동),"서울특별시 마포구 노고산동 33-1 창천초등,중학교",37.55473278,126.9394181,서울특별시 마포구 노고산동
서울용강초어린이놀이시설,학교,서울특별시 마포구 백범로17길 9,서울특별시 마포구 백범로17길 9 (대흥동),서울특별시 마포구 대흥동 35-1 용강초등학교,37.55599534,126.9408043,서울특별시 마포구 대흥동
마포초 놀이시설,학교,"서울특별시 마포구 도화2길 64, 서울마포초등학교 (도화동)",서울특별시 마포구 도화2길 64 (도화동),서울특별시 마포구 도화동 224-9 서울마포초등학교,37.53857908,126.9490891,서울특별시 마포구 도화동
동교초 놀이시설,학교,서울특별시 마포구 월드컵로25길 86 (망원동),서울특별시 마포구 월드컵로25길 86 (망원동),서울특별시 마포구 망원동 426-5 동교초등학교,37.55829527,126.9026516,서울특별시 마포구 망원동
망원초 놀이시설,학교,서울특별시 마포구 방울내로5길 28 (망원동),서울특별시 마포구 방울내로5길 28 (망원동),서울특별시 마포구 망원동 467-1 망원초등학교,37.56071044,126.9010552,서울특별시 마포구 망원동
서강초 놀이시설,학교,서울특별시 마포구 독막로 113 (상수동),서울특별시 마포구 독막로 113 (상수동),서울특별시 마포구 상수동 1-1 서강초등학교,37.54825935,126.9267444,서울특별시 마포구 상수동
상암초 놀이시설,학교,서울특별시 마포구 월드컵북로 353 (상암동),서울특별시 마포구 월드컵북로 353 (상암동),서울특별시 마포구 상암동 1635 상암초등학교,37.57610553,126.8922534,서울특별시 마포구 상암동
서울드와이트외국어학교 어린이놀이터,학교,서울특별시 마포구 월드컵북로62길 21 (상암동),서울특별시 마포구 월드컵북로62길 21 (상암동),서울특별시 마포구 상암동 1582-1 서울드와이트 외국인학교,37.58410226,126.8850012,서울특별시 마포구 상암동
서울일본인학교 놀이터-2,학교,서울특별시 마포구 월드컵북로62길 11 (상암동),서울특별시 마포구 월드컵북로62길 11 (상암동),서울특별시 마포구 상암동 1582 서울 일본인학교,37.58375784,126.8839858,서울특별시 마포구 상암동
서울일본인학교 놀이터-1,학교,서울특별시 마포구 월드컵북로62길 11 (상암동),서울특별시 마포구 월드컵북로62길 11 (상암동),서울특별시 마포구 상암동 1582 서울 일본인학교,37.58375784,126.8839858,서울특별시 마포구 상암동
상지초 놀이시설,학교,서울특별시 마포구 월드컵로42길 30,서울특별시 마포구 월드컵로42길 30 (상암동),서울특별시 마포구 상암동 1676 상지초등학교,37.57957432,126.8823347,서울특별시 마포구 상암동
하늘초 놀이시설,학교,서울특별시 마포구 월드컵북로 502-14 (상암동),서울특별시 마포구 월드컵북로 502-14 (상암동),서울특별시 마포구 상암동 1737 하늘초등학교,37.58540892,126.8807023,서울특별시 마포구 상암동
서교초 놀이시설,학교,서울특별시 마포구 와우산로23길 20-27 (서교동),서울특별시 마포구 와우산로23길 20-27 (서교동),서울특별시 마포구 서교동 341 서교초등학교,37.55486285,126.9250444,서울특별시 마포구 서교동
홍대부초 놀이시설(1),학교,서울특별시 마포구 성미산로 51 (성산동)홍익대학교사범대학부속초등학교,서울특별시 마포구 성미산로 51 (성산동),서울특별시 마포구 성산동 산11-31 홍익대학교,37.55984459,126.9133228,서울특별시 마포구 성산동
홍대부초 놀이시설(2),학교,서울특별시 마포구 성미산로 51 (성산동)홍익대학교사범대학부속초등학교,서울특별시 마포구 성미산로 51 (성산동),서울특별시 마포구 성산동 산11-31 홍익대학교,37.55984459,126.9133228,서울특별시 마포구 성산동
성서초 놀이시설,학교,서울특별시 마포구 성미산로7길 24,서울특별시 마포구 성미산로7길 24 (성산동),서울특별시 마포구 성산동 산23-2 성서초등학교,37.56053926,126.9115689,서울특별시 마포구 성산동
중동초 놀이시설,학교,"서울특별시 마포구 월드컵북로 152(성산동, 중동초등학교)",서울특별시 마포구 월드컵북로 152 (성산동),서울특별시 마포구 성산동 94-1 중동초등학교,37.56664343,126.91137,서울특별시 마포구 성산동
성원초 놀이시설,학교,서울특별시 마포구 월드컵로36길 34,서울특별시 마포구 월드컵로36길 34 (성산동),서울특별시 마포구 성산동 175-1 성원초등학교,37.56710288,126.9050705,서울특별시 마포구 성산동
신석초등학교 놀이터,학교,서울특별시 마포구 대흥로 33 (신수동),서울특별시 마포구 대흥로 33 (신수동),서울특별시 마포구 신수동 445-1 신석초등학교,37.54571601,126.943585,서울특별시 마포구 신수동
서울 소의초등학교 실내놀이시설,학교,서울특별시 마포구 마포대로24길 42 (아현동),서울특별시 마포구 마포대로24길 42 (아현동),서울특별시 마포구 아현동 386-1 소의초등학교,37.55219104,126.9607608,서울특별시 마포구 아현동
소의초 놀이시설,학교,서울특별시 마포구 마포대로24길 42 (아현동),서울특별시 마포구 마포대로24길 42 (아현동),서울특별시 마포구 아현동 386-1 소의초등학교,37.55219104,126.9607608,서울특별시 마포구 아현동
아현초 놀이시설,학교,서울특별시 마포구 굴레방로1길 6,서울특별시 마포구 굴레방로1길 6 (아현동),서울특별시 마포구 아현동 275-2,37.54849527,126.9534272,서울특별시 마포구 아현동
서울한서초등학교 놀이시설,학교,서울특별시 마포구 대흥로24바길 27 (염리동),서울특별시 마포구 대흥로24바길 27 (염리동),서울특별시 마포구 염리동 24-140 한서초등학교,37.55341194,126.9495933,서울특별시 마포구 염리동
염리초 놀이시설,학교,서울특별시 마포구 토정로37길 37 (염리동),서울특별시 마포구 토정로37길 37 (염리동),서울특별시 마포구 염리동 173-4 염리초등학교,37.54242756,126.9458673,서울특별시 마포구 염리동
신북초 놀이시설,학교,서울특별시 마포구 월드컵북로38길 26 (중동),서울특별시 마포구 월드컵북로38길 26 (중동),서울특별시 마포구 중동 42 신북초등학교,37.57098444,126.904712,서울특별시 마포구 중동
성산초 놀이시설,학교,서울특별시 마포구 양화로3길 94,서울특별시 마포구 양화로3길 94 (합정동),서울특별시 마포구 합정동 427-2 서울성산초등학교,37.55333485,126.9110466,서울특별시 마포구 합정동
가재울초등학교(2),학교,서울특별시 서대문구 명지대3길 8-7 (남가좌동),서울특별시 서대문구 명지대3길 8-7 (남가좌동),서울특별시 서대문구 남가좌동 5-164,37.58257787,126.9231839,서울특별시 서대문구 남가좌동
가재울초등학교(1),학교,서울특별시 서대문구 명지대3길 8-7 (남가좌동),서울특별시 서대문구 명지대3길 8-7 (남가좌동),서울특별시 서대문구 남가좌동 5-164,37.58257787,126.9231839,서울특별시 서대문구 남가좌동
연가초 놀이시설,학교,서울특별시 서대문구 증가로12가길 49-50,서울특별시 서대문구 증가로12가길 49-50 (남가좌동),서울특별시 서대문구 남가좌동 364-6 서울연가초등학교,37.57980736,126.9181407,서울특별시 서대문구 남가좌동
이대부속초등학교 놀이시설,학교,서울특별시 서대문구 성산로 512-39,서울특별시 서대문구 성산로 512-39 (대신동),서울특별시 서대문구 대신동 20 이화여대부속초등학교,37.56105472,126.9427528,서울특별시 서대문구 대신동
대신초 놀이시설,학교,"서울특별시 서대문구 이화여대2길 27, 서울대신초등학교 (대현동)",서울특별시 서대문구 이화여대2길 27 (대현동),서울특별시 서대문구 대현동 67-1 서울대신초등학교,37.55794584,126.9477756,서울특별시 서대문구 대현동
미동초 놀이시설,학교,서울특별시 서대문구 충정로 52 (미근동),서울특별시 서대문구 충정로 52 (미근동),서울특별시 서대문구 미근동 36-1 서울미동초등학교,37.56308003,126.9660702,서울특별시 서대문구 미근동
북가좌초 놀이시설,학교,서울특별시 서대문구 거북골로19길 20,서울특별시 서대문구 거북골로19길 20 (북가좌동),서울특별시 서대문구 북가좌동 186-108 서울북가좌초등학교,37.5772202,126.9077782,서울특별시 서대문구 북가좌동
추계초 놀이시설,학교,서울특별시 서대문구 북아현로11가길 7 (북아현동),서울특별시 서대문구 북아현로11가길 7 (북아현동),"서울특별시 서대문구 북아현동 190-1 추계예술대학교,중앙여고,중앙여중,추계초",37.56278392,126.9533266,서울특별시 서대문구 북아현동
북성초 놀이시설,학교,서울특별시 서대문구 북아현로5나길 84,실패,서울특별시 서대문구 북아현동 215,37.55929137,126.9519371,서울특별시 서대문구 북아현동
연희초 놀이시설,학교,서울특별시 서대문구 연희로 136 (연희동),서울특별시 서대문구 연희로 136 (연희동),서울특별시 서대문구 연희동 88-1 서울연희초등학교,37.56918855,126.9339535,서울특별시 서대문구 연희동
창서초 놀이시설,학교,서울특별시 서대문구 연세로5나길 30-3,서울특별시 서대문구 연세로5나길 30-3 (창천동),서울특별시 서대문구 창천동 53-38 서울창서초등학교,37.55761198,126.9339606,서울특별시 서대문구 창천동
금화초 놀이시설,학교,서울특별시 서대문구 통일로 165,서울특별시 서대문구 통일로 165 (천연동),서울특별시 서대문구 천연동 13-1 서울금화초등학교,37.56742985,126.9643126,서울특별시 서대문구 천연동
경기초 놀이시설,학교,서울특별시 서대문구 경기대로 65 (충정로2가),서울특별시 서대문구 경기대로 65 (충정로2가),서울특별시 서대문구 충정로2가 70 인창중·고등학교,37.565301,126.9637758,서울특별시 서대문구 충정로2가
홍제초 놀이시설,학교,서울특별시 서대문구 홍은중앙로 13 (홍은동),서울특별시 서대문구 홍은중앙로 13 (홍은동),서울특별시 서대문구 홍은동 48 서울홍제초등학교,37.59256495,126.9439035,서울특별시 서대문구 홍은동
홍연초 놀이시설,학교,서울특별시 서대문구 백련사길 55,서울특별시 서대문구 백련사길 55 (홍은동),서울특별시 서대문구 홍은동 305,37.58170769,126.931017,서울특별시 서대문구 홍은동
명지초 놀이시설,학교,"서울특별시 서대문구 명지2길 32-20(홍은동, 명지초등학교)",서울특별시 서대문구 명지2길 32-20 (홍은동),서울특별시 서대문구 홍은동 산26-127 명지초등학교,37.5833424,126.9283589,서울특별시 서대문구 홍은동
안산초등학교 놀이터2,학교,서울특별시 서대문구 통일로 321 (홍제동),서울특별시 서대문구 통일로 321 (홍제동),서울특별시 서대문구 홍제동 44 서울안산초등학교,37.57934881,126.9513146,서울특별시 서대문구 홍제동
안산초 놀이시설,학교,"서울특별시 서대문구 통일로 321(홍제동, 서울안산초등학교)",서울특별시 서대문구 통일로 321 (홍제동),서울특별시 서대문구 홍제동 44 서울안산초등학교,37.57934881,126.9513146,서울특별시 서대문구 홍제동
인왕초 놀이시설,학교,서울특별시 서대문구 세무서길 33-9,서울특별시 서대문구 세무서길 33-9 (홍제동),서울특별시 서대문구 홍제동 245-1 서울인왕초등학교,37.5902104,126.9451512,서울특별시 서대문구 홍제동
고은초 놀이시설,학교,서울특별시 서대문구 모래내로 441,서울특별시 서대문구 모래내로 441 (홍제동),서울특별시 서대문구 홍제동 320-3,37.58464144,126.9435362,서울특별시 서대문구 홍제동
서울언남초등학교 놀이시설,학교,서울특별시 서초구 헌릉로8길 42 (내곡동),서울특별시 서초구 헌릉로8길 42 (내곡동),"서울특별시 서초구 내곡동 120 언남초등학교,유치원",37.45380046,127.0613062,서울특별시 서초구 내곡동
서울서원초등학교,학교,서울특별시 서초구 고무래로 63 (반포동),서울특별시 서초구 고무래로 63 (반포동),서울특별시 서초구 반포동 30-8 서원초등학교,37.50265711,127.0152218,서울특별시 서초구 반포동
서울잠원초등학교,학교,"서울특별시 서초구 신반포로16길 15-25(반포동, 잠원초등학교)",서울특별시 서초구 신반포로16길 15-25 (반포동),서울특별시 서초구 반포동 17 잠원초등학교,37.50153511,126.9981166,서울특별시 서초구 반포동
서울프랑스학교,학교,서울특별시 서초구 서래로 7 (반포동)서울프랑스학교,서울특별시 서초구 서래로 7 (반포동),서울특별시 서초구 반포동 98-2 프랑스학교,37.49596837,126.997925,서울특별시 서초구 반포동
계성초등학교 놀이시설,학교,"서울특별시 서초구 신반포로19길 23(반포동, 계성초등학교)",서울특별시 서초구 신반포로19길 23 (반포동),서울특별시 서초구 반포동 6-1 계성초등학교,37.50465107,126.9967351,서울특별시 서초구 반포동
덜위치칼리지서울리미티드학교(1층),학교,서울특별시 서초구 신반포로15길 6 (반포동),서울특별시 서초구 신반포로15길 6 (반포동),서울특별시 서초구 반포동 5-1,37.50420853,126.9953559,서울특별시 서초구 반포동
서울반포초등학교,학교,서울특별시 서초구 신반포로 55-4 (반포동),서울특별시 서초구 신반포로 55-4 (반포동),서울특별시 서초구 반포동 937 반포초등학교,37.50281739,126.9910898,서울특별시 서초구 반포동
서울방일초등학교,학교,서울특별시 서초구 방배로18길 52 (방배동),서울특별시 서초구 방배로18길 52 (방배동),서울특별시 서초구 방배동 167-4 방일초등학교,37.48530084,126.998195,서울특별시 서초구 방배동
서울서래초등학교,학교,"서울특별시 서초구 방배로 260(방배동, 서래초등학교)",서울특별시 서초구 방배로 260 (방배동),서울특별시 서초구 방배동 771 서래초등학교,37.4960073,126.9894287,서울특별시 서초구 방배동
서울방배초등학교,학교,서울특별시 서초구 방배중앙로13길 26 (방배동),서울특별시 서초구 방배중앙로13길 26 (방배동),서울특별시 서초구 방배동 861-1 방배초등학교,37.48722257,126.9873969,서울특별시 서초구 방배동
서울이수초등학교,학교,서울특별시 서초구 방배천로4길 23 (방배동)서울특별시 서초구 방배천로4길 23,서울특별시 서초구 방배천로4길 23 (방배동),서울특별시 서초구 방배동 468-6 이수초등학교,37.47807706,126.9845522,서울특별시 서초구 방배동
서울서이초등학교,학교,"서울특별시 서초구 서운로 35, 서울서이초등학교 (서초동)",서울특별시 서초구 서운로 35 (서초동),서울특별시 서초구 서초동 1334-2 서이초등학교,37.49120093,127.0259555,서울특별시 서초구 서초동
서울서초초등학교,학교,서울특별시 서초구 서운로 178,서울특별시 서초구 서운로 178 (서초동),서울특별시 서초구 서초동 1310-6 서초초등학교,37.49924802,127.0241128,서울특별시 서초구 서초동
서울서일초등학교,학교,서울특별시 서초구 남부순환로339길 38 (서초동),서울특별시 서초구 남부순환로339길 38 (서초동),서울특별시 서초구 서초동 1436-8 서일초등학교,37.48481029,127.0226529,서울특별시 서초구 서초동
서울원명초등학교,학교,서울특별시 서초구 고무래로 90-6서울원명초등학교,서울특별시 서초구 고무래로 90-6 (서초동),서울특별시 서초구 서초동 1685-1 원명초등학교,37.500422,127.0168033,서울특별시 서초구 서초동
서울신중초등학교,학교,"서울특별시 서초구 남부순환로317길 15(서초동, 서울신중초등학교)",서울특별시 서초구 남부순환로317길 15 (서초동),서울특별시 서초구 서초동 1466-5 서울신중초등학교,37.47992466,127.0098006,서울특별시 서초구 서초동
서울양재초등학교,학교,서울특별시 서초구 바우뫼로18길 14 (양재동),서울특별시 서초구 바우뫼로18길 14 (양재동),서울특별시 서초구 양재동 101 양재초등학교,37.47381628,127.0318758,서울특별시 서초구 양재동
서울우암초등학교,학교,서울특별시 서초구 바우뫼로7길 38 (우면동),서울특별시 서초구 바우뫼로7길 38 (우면동),서울특별시 서초구 우면동 58 우암초등학교,37.47192508,127.0246919,서울특별시 서초구 우면동
서울신동초등학교,학교,서울특별시 서초구 나루터로 15 (잠원동),서울특별시 서초구 나루터로 15 (잠원동),서울특별시 서초구 잠원동 54-5 신동초등학교,37.51689488,127.0118183,서울특별시 서초구 잠원동
서울반원초등학교,학교,서울특별시 서초구 잠원로3길 40 (잠원동)서울반원초등학교,서울특별시 서초구 잠원로3길 40 (잠원동),서울특별시 서초구 잠원동 72-3 태남홀딩스,37.50803219,127.0036978,서울특별시 서초구 잠원동
금북초 놀이시설,학교,서울특별시 성동구 행당로1길 13 (금호동1가),서울특별시 성동구 행당로1길 13 (금호동1가),서울특별시 성동구 금호동1가 48-2 금북초등학교,37.55705964,127.0234062,서울특별시 성동구 금호동1가
금호초 놀이시설,학교,서울특별시 성동구 무수막길 69 (금호동2가),서울특별시 성동구 무수막길 69 (금호동2가),서울특별시 성동구 금호동2가 511 금호초등학교,37.55257092,127.0200258,서울특별시 성동구 금호동2가
옥수초 놀이시설,학교,서울특별시 성동구 금호로1길 25 (금호동4가),서울특별시 성동구 금호로1길 25 (금호동4가),서울특별시 성동구 금호동4가 440-12 옥수초등학교,37.54592711,127.0221857,서울특별시 성동구 금호동4가
금옥초 놀이시설,학교,서울특별시 성동구 독서당로 251 (금호동4가),서울특별시 성동구 독서당로 251 (금호동4가),서울특별시 성동구 금호동4가 987 금옥초등학교,37.54614536,127.0177865,서울특별시 성동구 금호동4가
마장초 놀이시설,학교,서울특별시 성동구 마장로35나길 31 (마장동),서울특별시 성동구 마장로35나길 31 (마장동),"서울특별시 성동구 마장동 766-49 마장초,중학교",37.56836879,127.04159,서울특별시 성동구 마장동
동명초 놀이시설,학교,서울특별시 성동구 마장로29길 29 (마장동),서울특별시 성동구 마장로29길 29 (마장동),서울특별시 성동구 마장동 556 동명초등학교,37.56862195,127.0357063,서울특별시 성동구 마장동
사근초 놀이시설,학교,서울특별시 성동구 사근동11길 16 (사근동),서울특별시 성동구 사근동11길 16 (사근동),서울특별시 성동구 사근동 291-5 사근초등학교,37.56290727,127.047742,서울특별시 성동구 사근동
한양초 놀이시설2,학교,서울특별시 성동구 살곶이길 208 (사근동),서울특별시 성동구 살곶이길 208 (사근동),서울특별시 성동구 사근동 120-2 한양초등학교,37.55670101,127.0368185,서울특별시 성동구 사근동
한양초 놀이시설1,학교,서울특별시 성동구 살곶이길 208 (사근동),서울특별시 성동구 살곶이길 208 (사근동),서울특별시 성동구 사근동 120-2 한양초등학교,37.55670101,127.0368185,서울특별시 성동구 사근동
경동초 놀이시설,학교,서울특별시 성동구 성수일로 34 (성수동1가),서울특별시 성동구 성수일로 34 (성수동1가),서울특별시 성동구 성수동1가 19-1 경동초등학교,37.54301213,127.0505162,서울특별시 성동구 성수동1가
경일초 놀이시설,학교,서울특별시 성동구 뚝섬로 332 (성수동1가),서울특별시 성동구 뚝섬로 332 (성수동1가),서울특별시 성동구 성수동1가 656-32 경일초등학교,37.54046133,127.0471266,서울특별시 성동구 성수동1가
성수초병유 놀이시설,학교,서울특별시 성동구 아차산로17길 21 (성수동2가)서울성수초등학교실내놀이터,서울특별시 성동구 아차산로17길 21 (성수동2가),서울특별시 성동구 성수동2가 277-32 성수초등학교,37.5442547,127.0634369,서울특별시 성동구 성수동2가
성수초 놀이시설,학교,서울특별시 성동구 아차산로17길 21 (성수동2가),서울특별시 성동구 아차산로17길 21 (성수동2가),서울특별시 성동구 성수동2가 277-32 성수초등학교,37.5442547,127.0634369,서울특별시 성동구 성수동2가
경수초 놀이시설,학교,서울특별시 성동구 뚝섬로13길 22 (성수동2가),서울특별시 성동구 뚝섬로13길 22 (성수동2가),서울특별시 성동구 성수동2가 268 경수초등학교,37.53981902,127.0583129,서울특별시 성동구 성수동2가
송원초 놀이시설2(BTL),학교,서울특별시 성동구 동일로43길 9 (송정동),서울특별시 성동구 동일로43길 9 (송정동),서울특별시 성동구 송정동 72-8 송원초등학교,37.55406815,127.0693966,서울특별시 성동구 송정동
송원초 놀이시설1,학교,서울특별시 성동구 동일로43길 9 (송정동),서울특별시 성동구 동일로43길 9 (송정동),서울특별시 성동구 송정동 72-8 송원초등학교,37.55406815,127.0693966,서울특별시 성동구 송정동
옥정초 놀이시설,학교,서울특별시 성동구 한림말길 43 (옥수동),서울특별시 성동구 한림말길 43 (옥수동),서울특별시 성동구 옥수동 233-16 옥정초등학교,37.54179072,127.0155024,서울특별시 성동구 옥수동
동호초 놀이시설,학교,서울특별시 성동구 동호로5길 131 (옥수동),서울특별시 성동구 동호로5길 131 (옥수동),서울특별시 성동구 옥수동 556-1 서울방송고등학교,37.54694112,127.0101252,서울특별시 성동구 옥수동
용답초 놀이시설,학교,서울특별시 성동구 용답25길 1 (용답동),서울특별시 성동구 용답25길 1 (용답동),서울특별시 성동구 용답동 29 용답초등학교,37.56076337,127.0534914,서울특별시 성동구 용답동
응봉초 놀이시설,학교,서울특별시 성동구 독서당로62길 28 (응봉동),서울특별시 성동구 독서당로62길 28 (응봉동),서울특별시 성동구 응봉동 193 응봉초등학교,37.55086053,127.0339482,서울특별시 성동구 응봉동
무학초 놀이시설1,학교,서울특별시 성동구 무학봉15길 21 (하왕십리동),서울특별시 성동구 무학봉15길 21 (하왕십리동),서울특별시 성동구 하왕십리동 950-1 무학초등학교,37.5629618,127.0296058,서울특별시 성동구 하왕십리동
무학초 놀이시설2,학교,서울특별시 성동구 무학봉15길 21 (하왕십리동),서울특별시 성동구 무학봉15길 21 (하왕십리동),서울특별시 성동구 하왕십리동 950-1 무학초등학교,37.5629618,127.0296058,서울특별시 성동구 하왕십리동
숭신초 놀이시설,학교,서울특별시 성동구 마장로 161 (하왕십리동),서울특별시 성동구 마장로 161 (하왕십리동),서울특별시 성동구 하왕십리동 1068 서울숭신초등학교,37.5677356,127.0278231,서울특별시 성동구 하왕십리동
행당초 놀이시설,학교,서울특별시 성동구 고산자로8길 6 (행당동),서울특별시 성동구 고산자로8길 6 (행당동),서울특별시 성동구 행당동 320-60 행당초등학교,37.55653836,127.0346485,서울특별시 성동구 행당동
행현초 놀이시설,학교,서울특별시 성동구 행당로 95 (행당동),서울특별시 성동구 행당로 95 (행당동),서울특별시 성동구 행당동 317-18 행현초등학교,37.55776131,127.029531,서울특별시 성동구 행당동
서울미아초등학교 놀이터,학교,서울특별시 성북구 삼양로 77,서울특별시 성북구 삼양로 77 (길음동),서울특별시 성북구 길음동 1168 서울미아초등학교,37.61044978,127.0217344,서울특별시 성북구 길음동
길음초등학교,학교,서울특별시 성북구 길음로 142 (길음동),서울특별시 성북구 길음로 142 (길음동),서울특별시 성북구 길음동 635-7 서울길음초등학교,37.61403223,127.0173645,서울특별시 성북구 길음동
서울길원초등학교 특수학급 실내놀이터,학교,서울특별시 성북구 서경로8길 28-15 (길음동),서울특별시 성북구 서경로8길 28-15 (길음동),서울특별시 성북구 길음동 1280-4 서울길원초등학교,37.60919816,127.0166884,서울특별시 성북구 길음동
서울길원초등학교 놀이시설,학교,서울특별시 성북구 서경로8길 28-15 (길음동),서울특별시 성북구 서경로8길 28-15 (길음동),서울특별시 성북구 길음동 1280-4 서울길원초등학교,37.60919816,127.0166884,서울특별시 성북구 길음동
성신초등학교 놀이터,학교,서울특별시 성북구 북악산로 918 (돈암동),서울특별시 성북구 북악산로 918 (돈암동),"서울특별시 성북구 돈암동 산11-269 성신초등학교,성신여자중학교",37.59420861,127.0233032,서울특별시 성북구 돈암동
매원초등학교,학교,서울특별시 성북구 북악산로 870 (돈암동),서울특별시 성북구 북악산로 870 (돈암동),"서울특별시 성북구 돈암동 45-88 매원초,고명중,고명경영고",37.59792643,127.0199253,서울특별시 성북구 돈암동
우촌초등학교 놀이터,학교,서울특별시 성북구 성북로4길 52-1 (돈암동),서울특별시 성북구 성북로4길 52-1 (돈암동),서울특별시 성북구 돈암동 609 우촌초등학교,37.59569675,127.0117473,서울특별시 성북구 돈암동
서울돈암초등학교놀이터,학교,서울특별시 성북구 동소문로13길 38 (동소문동6가),서울특별시 성북구 동소문로13길 38 (동소문동6가),서울특별시 성북구 동소문동6가 27-1 서울돈암초등학교,37.5933191,127.0129647,서울특별시 성북구 동소문동6가
서울정덕초등학교 놀이터,학교,서울특별시 성북구 아리랑로 63 (동소문동7가),서울특별시 성북구 아리랑로 63 (동소문동7가),서울특별시 성북구 동소문동7가 118-1 서울정덕초등학교,37.59770877,127.0135931,서울특별시 성북구 동소문동7가
서울동신초등학교 운동장놀이터,학교,서울특별시 성북구 보문사길 50 (보문동3가),서울특별시 성북구 보문사길 50 (보문동3가),서울특별시 성북구 보문동3가 228 서울동신초등학교,37.58258162,127.0169353,서울특별시 성북구 보문동3가
대광초등학교 놀이터,학교,서울특별시 성북구 안암로 5,서울특별시 성북구 안암로 5 (보문동7가),서울특별시 성북구 보문동7가 111 대광초등학교,37.57915291,127.023628,서울특별시 성북구 보문동7가
서울삼선초등학교 놀이터,학교,서울특별시 성북구 보문로29길 106 (삼선동3가),서울특별시 성북구 보문로29길 106 (삼선동3가),서울특별시 성북구 삼선동3가 30-4 서울삼선초등학교,37.58646352,127.012583,서울특별시 성북구 삼선동3가
서울석계초등학교,학교,서울특별시 성북구 한천로58길 273 (석관동),서울특별시 성북구 한천로58길 273 (석관동),서울특별시 성북구 석관동 27-3 서울석계초등학교,37.60860899,127.0697633,서울특별시 성북구 석관동
서울석관초등학교 놀이터,학교,서울특별시 성북구 돌곶이로22길 21 (석관동),서울특별시 성북구 돌곶이로22길 21 (석관동),서울특별시 성북구 석관동 205 서울석관초등학교,37.61087471,127.0591655,서울특별시 성북구 석관동
서울성북초등학교,학교,서울특별시 성북구 성북로 102-10 (성북동),서울특별시 성북구 성북로 102-10 (성북동),서울특별시 성북구 성북동 66-1 서울성북초등학교,37.5897471,127.0062084,서울특별시 성북구 성북동
서울다원학교,학교,"서울특별시 성북구 성북로 31 (성북동1가)5-15, 서울다원학교",실패,서울특별시 성북구 성북동 226-220 서울다원학교,37.59414984,126.9909288,서울특별시 성북구 성북동
서울안암초등학교 놀이시설,학교,서울특별시 성북구 인촌로7가길 39 (안암동2가),서울특별시 성북구 인촌로7가길 39 (안암동2가),서울특별시 성북구 안암동2가 93 서울안암초등학교,37.58722635,127.0226201,서울특별시 성북구 안암동2가
광운초등학교 놀이터,학교,서울특별시 성북구 한천로 693,서울특별시 성북구 한천로 693 (장위동),서울특별시 성북구 장위동 128 광운초등학교,37.61890846,127.0553027,서울특별시 성북구 장위동
장위초등학교 놀이터,학교,서울특별시 성북구 장월로8가길 41 (장위동),서울특별시 성북구 장월로8가길 41 (장위동),서울특별시 성북구 장위동 68-8 서울장위초등학교,37.61210232,127.0498536,서울특별시 성북구 장위동
서울장곡초등학교 어린이놀이시설,학교,서울특별시 성북구 장월로23길 16 (장위동),서울특별시 성북구 장월로23길 16 (장위동),서울특별시 성북구 장위동 235 서울장곡초등학교,37.61668948,127.048263,서울특별시 성북구 장위동
서울 장곡초등학교 놀이터,학교,서울특별시 성북구 장월로23길 16,서울특별시 성북구 장월로23길 16 (장위동),서울특별시 성북구 장위동 235 서울장곡초등학교,37.61668948,127.048263,서울특별시 성북구 장위동
서울장월초등학교 놀이터,학교,서울특별시 성북구 한천로101길 66 (장위동),서울특별시 성북구 한천로101길 66 (장위동),서울특별시 성북구 장위동 316 서울장월초등학교,37.62201097,127.0470585,서울특별시 성북구 장위동
서울월곡초등학교 어린이놀이시설,학교,서울특별시 성북구 장월로3길 42 (장위동),서울특별시 성북구 장월로3길 42 (장위동),서울특별시 성북구 장위동 246-194 서울월곡초등학교,37.60969167,127.0464632,서울특별시 성북구 장위동
숭덕초등학교 놀이터,학교,서울특별시 성북구 정릉로 279 (정릉동),서울특별시 성북구 정릉로 279 (정릉동),서울특별시 성북구 정릉동 160-1 서울숭덕초등학교,37.60396665,127.0132989,서울특별시 성북구 정릉동
서울 정수초등학교 놀이터,학교,서울특별시 성북구 정릉로24길 58 (정릉동),서울특별시 성북구 정릉로24길 58 (정릉동),서울특별시 성북구 정릉동 431-62 서울정수초등학교,37.60404579,127.0077492,서울특별시 성북구 정릉동
서울정릉초등학교,학교,"서울특별시 성북구 솔샘로25가길 8, 서울정릉초등학교 (정릉동)",서울특별시 성북구 솔샘로25가길 8 (정릉동),서울특별시 성북구 정릉동 798 서울정릉초등학교,37.61935464,127.005399,서울특별시 성북구 정릉동
서울청덕초등학교,학교,서울특별시 성북구 정릉로9라길 11 (정릉동),서울특별시 성북구 정릉로9라길 11 (정릉동),서울특별시 성북구 정릉동 847 서울청덕초등학교,37.61189569,127.0005872,서울특별시 성북구 정릉동
숭례초등학교 어린이 놀이시설,학교,서울특별시 성북구 종암로5길 14 (종암동),서울특별시 성북구 종암로5길 14 (종암동),서울특별시 성북구 종암동 22-1 서울숭례초등학교,37.59491176,127.0349666,서울특별시 성북구 종암동
숭인초등학교 2구역,학교,서울특별시 성북구 오패산로16길 37 (하월곡동),서울특별시 성북구 오패산로16길 37 (하월곡동),서울특별시 성북구 하월곡동 225-3 서울숭인초등학교,37.6091602,127.0382341,서울특별시 성북구 하월곡동
숭인초등학교 1구역,학교,서울특별시 성북구 오패산로16길 37 (하월곡동),서울특별시 성북구 오패산로16길 37 (하월곡동),서울특별시 성북구 하월곡동 225-3 서울숭인초등학교,37.6091602,127.0382341,서울특별시 성북구 하월곡동
서울숭곡초등학교 놀이시설,학교,서울특별시 성북구 종암로40길 30 (하월곡동),서울특별시 성북구 종암로40길 30 (하월곡동),서울특별시 성북구 하월곡동 84-86 서울숭곡초등학교,37.60850715,127.0327246,서울특별시 성북구 하월곡동
서울가동초등학교 놀이시설,학교,서울특별시 송파구 중대로20길 47 (가락동)서울가동초등학교,서울특별시 송파구 중대로20길 47 (가락동),서울특별시 송파구 가락동 163 가동초등학교,37.49714207,127.1303796,서울특별시 송파구 가락동
서울가주초등학교 놀이시설,학교,서울특별시 송파구 오금로40길 37 (가락동)서울가주초등학교,서울특별시 송파구 오금로40길 37 (가락동),서울특별시 송파구 가락동 140-6 가주초등학교,37.49663607,127.1290516,서울특별시 송파구 가락동
평화초등학교 운동장놀이터,학교,서울특별시 송파구 송파대로26길 22 (가락동)서울평화초등학교,서울특별시 송파구 송파대로26길 22 (가락동),서울특별시 송파구 가락동 106 평화초등학교,37.4913802,127.1223517,서울특별시 송파구 가락동
서울신가초등학교 놀이시설,학교,서울특별시 송파구 송이로 75 (가락동)서울신가초등학교,서울특별시 송파구 송이로 75 (가락동),서울특별시 송파구 가락동 43-1 서울신가초등학교,37.50000702,127.1200532,서울특별시 송파구 가락동
서울거원초등학교 놀이터,학교,서울특별시 송파구 양산로2길 26 (거여동)서울거원초등학교,서울특별시 송파구 양산로2길 26 (거여동),서울특별시 송파구 거여동 296-1 거원초등학교,37.48779554,127.1451159,서울특별시 송파구 거여동
서울 영풍초등학교 놀이터,학교,서울특별시 송파구 오금로57길 15 (거여동)서울영풍초등학교,서울특별시 송파구 오금로57길 15 (거여동),서울특별시 송파구 거여동 12 영풍초등학교,37.49598578,127.1429824,서울특별시 송파구 거여동
서울 마천초등학교 놀이터,학교,서울특별시 송파구 마천로61다길 24 (마천동)서울마천초등학교,서울특별시 송파구 마천로61다길 24 (마천동),서울특별시 송파구 마천동 183-4 마천초등학교,37.4953151,127.152323,서울특별시 송파구 마천동
서울 남천초등학교 놀이터,학교,서울특별시 송파구 성내천로 207 (마천동)서울남천초등학교,서울특별시 송파구 성내천로 207 (마천동),서울특별시 송파구 마천동 53 남천초등학교,37.50103476,127.1508124,서울특별시 송파구 마천동
서울 문정초등학교 놀이터,학교,서울특별시 송파구 문정로5길 20 (문정동)서울문정초등학교,서울특별시 송파구 문정로5길 20 (문정동),서울특별시 송파구 문정동 12 서울문정초등학교,37.48891417,127.1287345,서울특별시 송파구 문정동
서울문덕초등학교 놀이터,학교,서울특별시 송파구 송이로34길 60 (문정동)서울문덕초등학교,서울특별시 송파구 송이로34길 60 (문정동),서울특별시 송파구 문정동 90-3 서울문덕초등학교,37.48499343,127.1275979,서울특별시 송파구 문정동
서울가원초등학교 어린이놀이시설,학교,서울특별시 송파구 중대로4길 8 (문정동)서울가원초등학교,서울특별시 송파구 중대로4길 8 (문정동),서울특별시 송파구 문정동 150-10 가원초등학교,37.48911996,127.1114054,서울특별시 송파구 문정동
오륜초등학교 운동장 놀이시설,학교,서울특별시 송파구 양재대로 1196 (방이동)서울오륜초등학교,서울특별시 송파구 양재대로 1196 (방이동),서울특별시 송파구 방이동 89-16 오륜초등학교,37.51205348,127.1345629,서울특별시 송파구 방이동
서울세륜초등학교 놀이터,학교,서울특별시 송파구 양재대로 1264 (방이동)서울세륜초등학교,서울특별시 송파구 양재대로 1264 (방이동),서울특별시 송파구 방이동 89-23 세륜초등학교,37.51857812,127.1337773,서울특별시 송파구 방이동
서울방산초등학교 어린이 놀이시설,학교,서울특별시 송파구 오금로27길 42 (방이동)서울방산초등학교,서울특별시 송파구 오금로27길 42 (방이동),서울특별시 송파구 방이동 220-4 방산초등학교,37.50937823,127.1209575,서울특별시 송파구 방이동
서울방이초등학교 놀이시설,학교,서울특별시 송파구 위례성대로10길 4 (방이동)서울방이초등학교,서울특별시 송파구 위례성대로10길 4 (방이동),서울특별시 송파구 방이동 167 방이초등학교,37.51336783,127.1209235,서울특별시 송파구 방이동
서울삼전초등학교 놀이시설,학교,서울특별시 송파구 백제고분로28길 19 (삼전동)서울삼전초등학교,서울특별시 송파구 백제고분로28길 19 (삼전동),서울특별시 송파구 삼전동 63 서울삼전초등학교,37.50144177,127.0925927,서울특별시 송파구 삼전동
서울석촌초등학교 놀이시설,학교,서울특별시 송파구 가락로11길 26 (석촌동)서울석촌초등학교,서울특별시 송파구 가락로11길 26 (석촌동),서울특별시 송파구 석촌동 267 석촌초등학교,37.50255079,127.1047645,서울특별시 송파구 석촌동
서울 중대초등학교 놀이시설,학교,서울특별시 송파구 송파대로36길 8 (송파동)서울중대초등학교,서울특별시 송파구 송파대로36길 8 (송파동),서울특별시 송파구 송파동 191 서울중대초등학교,37.50010444,127.1137719,서울특별시 송파구 송파동
서울송파초등학교 놀이터,학교,서울특별시 송파구 백제고분로 400 (송파동)서울송파초등학교,서울특별시 송파구 백제고분로 400 (송파동),서울특별시 송파구 송파동 114 송파초등학교,37.50705274,127.1107723,서울특별시 송파구 송파동
서울잠실초등학교 놀이시설,학교,서울특별시 송파구 올림픽로35길 20 (신천동)서울잠실초등학교,서울특별시 송파구 올림픽로35길 20 (신천동),서울특별시 송파구 신천동 20-2 잠실초등학교,37.52010061,127.1112829,서울특별시 송파구 신천동
서울잠현초등학교 놀이터,학교,서울특별시 송파구 올림픽로37길 109 (신천동)서울잠현초등학교,서울특별시 송파구 올림픽로37길 109 (신천동),서울특별시 송파구 신천동 17-2 잠현초등학교,37.52241113,127.1047663,서울특별시 송파구 신천동
잠동초등학교 놀이터,학교,서울특별시 송파구 올림픽로35길 122 (신천동)서울잠동초등학교,서울특별시 송파구 올림픽로35길 122 (신천동),서울특별시 송파구 신천동 7-2 잠동초등학교,37.51796434,127.1000483,서울특별시 송파구 신천동
서울개롱초등학교 놀이시설,학교,서울특별시 송파구 문정로 211 (오금동)서울개롱초등학교,서울특별시 송파구 문정로 211 (오금동),서울특별시 송파구 오금동 159 서울개롱초등학교,37.49718321,127.1397449,서울특별시 송파구 오금동
오금초 놀이시설,학교,서울특별시 송파구 위례성대로22길 11 (오금동)서울오금초등학교,서울특별시 송파구 위례성대로22길 11 (오금동),서울특별시 송파구 오금동 7 서울오금초등학교,37.50915198,127.1318062,서울특별시 송파구 오금동
서울신천초놀이시설,학교,서울특별시 송파구 올림픽로 215 (잠실동)서울신천초등학교,서울특별시 송파구 올림픽로 215 (잠실동),서울특별시 송파구 잠실동 27-5 주공아파트,37.51362868,127.0951892,서울특별시 송파구 잠실동
서울송전초등학교놀이터,학교,서울특별시 송파구 석촌호수로 159 (잠실동)서울송전초등학교,서울특별시 송파구 석촌호수로 159 (잠실동),서울특별시 송파구 잠실동 44-2 서울송전초등학교,37.5084469,127.0948051,서울특별시 송파구 잠실동
서울버들초등학교 놀이시설,학교,서울특별시 송파구 석촌호수로 81 (잠실동)서울버들초등학교,서울특별시 송파구 석촌호수로 81 (잠실동),서울특별시 송파구 잠실동 35-6 버들초등학교,37.51026734,127.0890968,서울특별시 송파구 잠실동
서울잠신초등학교 내 어린이놀이터,학교,서울특별시 송파구 잠실로 32 (잠실동)서울잠신초등학교,서울특별시 송파구 잠실로 32 (잠실동),서울특별시 송파구 잠실동 22-4 서울잠신초등학교,37.51397404,127.0882303,서울특별시 송파구 잠실동
아주초등학교 놀이터,학교,서울특별시 송파구 올림픽로4길 59 (잠실동)서울아주초등학교,서울특별시 송파구 올림픽로4길 59 (잠실동),서울특별시 송파구 잠실동 115 아주초등학교,37.50511957,127.0761133,서울특별시 송파구 잠실동
송례초등학교 놀이터,학교,서울특별시 송파구 위례순환로 439 (장지동)서울송례초등학교,서울특별시 송파구 위례순환로 439 (장지동),서울특별시 송파구 장지동 898 서울송례초등학교,37.47774125,127.1384962,서울특별시 송파구 장지동
한국육영학교 놀이터,학교,서울특별시 송파구 충민로6길 15 (장지동)한국육영학교,서울특별시 송파구 충민로6길 15 (장지동),서울특별시 송파구 장지동 848-1 한국육영학교,37.48176126,127.1324952,서울특별시 송파구 장지동
서울 문현초등학교 놀이터,학교,서울특별시 송파구 충민로 137 (장지동)서울문현초등학교,서울특별시 송파구 충민로 137 (장지동),서울특별시 송파구 장지동 836 문현초등학교,37.48265738,127.130281,서울특별시 송파구 장지동
광성하늘빛학교 어린이놀이시설,학교,서울특별시 송파구 올림픽로 625 (풍납동)광성하늘빛학교,서울특별시 송파구 올림픽로 625 (풍납동),서울특별시 송파구 풍납동 474 광성교회,37.53753449,127.1225268,서울특별시 송파구 풍납동
서울 풍납초등학교 놀이터,학교,서울특별시 송파구 풍성로 43 (풍납동)서울풍납초등학교,서울특별시 송파구 풍성로 43 (풍납동),서울특별시 송파구 풍납동 165 서울풍납초등학교,37.53476153,127.1178597,서울특별시 송파구 풍납동
서울토성초등학교 어린이 놀이시설,학교,서울특별시 송파구 풍성로20길 44 (풍납동)서울토성초등학교,서울특별시 송파구 풍성로20길 44 (풍납동),서울특별시 송파구 풍납동 251 토성초등학교,37.53179832,127.114984,서울특별시 송파구 풍납동
서울경인초등학교 놀이시설,학교,서울특별시 양천구 안양천로 1009 (목동),서울특별시 양천구 안양천로 1009 (목동),서울특별시 양천구 목동 911-4 서울경인초등학교,37.53276774,126.8863675,서울특별시 양천구 목동
목원초등학교 후문놀이터,학교,서울특별시 양천구 목동중앙로 204 (목동)서울목원초등학교,서울특별시 양천구 목동중앙로 204 (목동),서울특별시 양천구 목동 191-1 목원초등학교,37.54298786,126.8820768,서울특별시 양천구 목동
목원초등학교 놀이터,학교,서울특별시 양천구 목동중앙로 204 (목동)서울목원초등학교,서울특별시 양천구 목동중앙로 204 (목동),서울특별시 양천구 목동 191-1 목원초등학교,37.54298786,126.8820768,서울특별시 양천구 목동
서울 월촌초등학교 놀이시설,학교,서울특별시 양천구 목동중앙로 132 (목동),서울특별시 양천구 목동중앙로 132 (목동),서울특별시 양천구 목동 901-1 서울월촌초등학교,37.54002027,126.8761822,서울특별시 양천구 목동
양화초등학교 놀이터,학교,서울특별시 양천구 목동중앙북로16길 57 (목동),서울특별시 양천구 목동중앙북로16길 57 (목동),서울특별시 양천구 목동 542 서울양화초등학교,37.54375617,126.874728,서울특별시 양천구 목동
서울목운초등학교 놀이시설,학교,서울특별시 양천구 목동동로 235 (목동),서울특별시 양천구 목동동로 235 (목동),서울특별시 양천구 목동 922 목운초등학교.중학교,37.5268406,126.8730268,서울특별시 양천구 목동
영도초등학교 놀이터,학교,서울특별시 양천구 목동중앙로 70 (목동),서울특별시 양천구 목동중앙로 70 (목동),서울특별시 양천구 목동 903-1 서울영도초등학교,37.5358261,126.8716319,서울특별시 양천구 목동
서울정목초등학교 놀이시설,학교,서울특별시 양천구 목동중앙로3길 30-10 (목동),서울특별시 양천구 목동중앙로3길 30-10 (목동),서울특별시 양천구 목동 757-1 서울정목초등학교,37.53730817,126.8704497,서울특별시 양천구 목동
서울서정초등학교 어린이놀이시설,학교,서울특별시 양천구 목동로8길 19 (목동),서울특별시 양천구 목동로8길 19 (목동),서울특별시 양천구 목동 927-5 서울서정초등학교,37.52401251,126.8675437,서울특별시 양천구 목동
서울 양강초등학교 놀이시설,학교,서울특별시 양천구 오목로 101 (신월동),서울특별시 양천구 오목로 101 (신월동),서울특별시 양천구 신월동 495-1 서울양강초등학교,37.52388483,126.8474791,서울특별시 양천구 신월동
서울신남초등학교 어린이 놀이시설,학교,서울특별시 양천구 절골8길 33 (신월동),서울특별시 양천구 절골8길 33 (신월동),서울특별시 양천구 신월동 587 서울신남초등학교,37.51604407,126.8442565,서울특별시 양천구 신월동
서울신강초등학교 어린이놀이시설,학교,서울특별시 양천구 중앙로55길 72 (신월동),서울특별시 양천구 중앙로55길 72 (신월동),서울특별시 양천구 신월동 448-5 서울신강초등학교,37.5258788,126.8414513,서울특별시 양천구 신월동
서울강서초등학교 어린이놀이시설,학교,서울특별시 양천구 오목로 31 (신월동),서울특별시 양천구 오목로 31 (신월동),서울특별시 양천구 신월동 441 서울강서초등학교,37.52229654,126.840479,서울특별시 양천구 신월동
강월초등학교 운동장 놀이터,학교,서울특별시 양천구 신월로 97 (신월동),서울특별시 양천구 신월로 97 (신월동),서울특별시 양천구 신월동 987-3 서울강월초등학교,37.51606837,126.8339816,서울특별시 양천구 신월동
서울신원초등학교 어린이놀이시설,학교,서울특별시 양천구 남부순환로58길 32 (신월동),서울특별시 양천구 남부순환로58길 32 (신월동),서울특별시 양천구 신월동 202-1 서울신원초등학교,37.52947627,126.8296459,서울특별시 양천구 신월동
서울강신초등학교 놀이터,학교,서울특별시 양천구 월정로 280,서울특별시 양천구 월정로 280 (신월동),서울특별시 양천구 신월동 6-7 서울강신초등학교,37.54254034,126.8294336,서울특별시 양천구 신월동
서울 양원초등학교 놀이터,학교,서울특별시 양천구 화곡로 16 (신월동),서울특별시 양천구 화곡로 16 (신월동),서울특별시 양천구 신월동 40-1 서울양원초등학교,37.53890226,126.8234691,서울특별시 양천구 신월동
신목초등학교 놀이터,학교,서울특별시 양천구 신목로5길 11-6 (신정동),서울특별시 양천구 신목로5길 11-6 (신정동),서울특별시 양천구 신정동 281-2 서울신목초등학교,37.51689535,126.8728919,서울특별시 양천구 신정동
서울목동초등학교 운동장 놀이터,학교,서울특별시 양천구 목동동로12길 12 (신정동),서울특별시 양천구 목동동로12길 12 (신정동),서울특별시 양천구 신정동 86-2 서울목동초등학교,37.52248237,126.8720874,서울특별시 양천구 신정동
서울 갈산초등학교 놀이터,학교,서울특별시 양천구 목동로 31 (신정동),서울특별시 양천구 목동로 31 (신정동),서울특별시 양천구 신정동 330-10 서울갈산초등학교,37.51181989,126.8699259,서울특별시 양천구 신정동
서울 은정초등학교 놀이터,학교,서울특별시 양천구 목동남로 85 (신정동),서울특별시 양천구 목동남로 85 (신정동),서울특별시 양천구 신정동 276-2 은정초등학교,37.51125089,126.867412,서울특별시 양천구 신정동
서울신서초등학교 어린이놀이시설,학교,서울특별시 양천구 목동서로 340 (신정동),"서울특별시 양천구 목동서로 340 (신정동,목동신시가지아파트9단지)",서울특별시 양천구 신정동 312 목동신시가지아파트9단지,37.51853162,126.8626414,서울특별시 양천구 신정동
양목초등학교 놀이터,학교,"서울특별시 양천구 목동로11길 30(신정동, 서울양목초등학교)",서울특별시 양천구 목동로11길 30 (신정동),서울특별시 양천구 신정동 1001 서울양목초등학교,37.52369025,126.8612282,서울특별시 양천구 신정동
계남초등학교 놀이터,학교,서울특별시 양천구 목동동로2길 54 (신정동),서울특별시 양천구 목동동로2길 54 (신정동),서울특별시 양천구 신정동 325-7 서울계남초등학교,37.50994943,126.8601746,서울특별시 양천구 신정동
양명초등학교 놀이시설,학교,서울특별시 양천구 중앙로 204 (신정동),서울특별시 양천구 중앙로 204 (신정동),서울특별시 양천구 신정동 310-6 양명초등학교,37.51565777,126.8561734,서울특별시 양천구 신정동
서울신기초등학교 놀이터,학교,서울특별시 양천구 신정로 292 (신정동),서울특별시 양천구 신정로 292 (신정동),서울특별시 양천구 신정동 1274 서울신기초등학교,37.51117998,126.8540831,서울특별시 양천구 신정동
남명초등학교 놀이터,학교,서울특별시 양천구 중앙로23길 3 (신정동),서울특별시 양천구 중앙로23길 3 (신정동),서울특별시 양천구 신정동 653-4 서울남명초등학교,37.51482541,126.8540791,서울특별시 양천구 신정동
서울 양동초등학교 놀이터,학교,서울특별시 양천구 오목로23길 24 (신정동),서울특별시 양천구 오목로23길 24 (신정동),서울특별시 양천구 신정동 941 서울양동초등학교,37.52599815,126.8512252,서울특별시 양천구 신정동
서울장수초등학교 놀이시설,학교,서울특별시 양천구 신정로13가길 30 (신정동),서울특별시 양천구 신정로13가길 30 (신정동),서울특별시 양천구 신정동 1288-2 서울장수초등학교,37.51289218,126.8453099,서울특별시 양천구 신정동
서울지향초등학교 놀이터,학교,서울특별시 양천구 신정로11길 74 (신정동),서울특별시 양천구 신정로11길 74 (신정동),서울특별시 양천구 신정동 1284 지향초등학교,37.51305863,126.8375234,서울특별시 양천구 신정동
신은초등학교 놀이터,학교,"서울특별시 양천구 신정이펜2로 30(신정동, 서울신은초등학교)",서울특별시 양천구 신정이펜2로 30 (신정동),서울특별시 양천구 신정동 1319 서울신은초등학교,37.51369975,126.8323039,서울특별시 양천구 신정동
영동초등학교,학교,서울특별시 영등포구 국회대로53길 20 (당산동),서울특별시 영등포구 국회대로53길 20 (당산동),서울특별시 영등포구 당산동 121-22 영동초등학교,37.52651981,126.9073417,서울특별시 영등포구 당산동
서울당서초등학교 놀이시설,학교,서울특별시 영등포구 당산로 187 (당산동5가),서울특별시 영등포구 당산로 187 (당산동5가),서울특별시 영등포구 당산동5가 5-3 당서초등학교,37.53169083,126.899495,서울특별시 영등포구 당산동5가
서울신대림초등학교 놀이터,학교,서울특별시 영등포구 대림로8길 25 (대림동),서울특별시 영등포구 대림로8길 25 (대림동),서울특별시 영등포구 대림동 968 서울신대림초등학교,37.4922471,126.9058487,서울특별시 영등포구 대림동
서울영림초등학교어린이놀이시설,학교,서울특별시 영등포구 시흥대로173길 14 (대림동),서울특별시 영등포구 시흥대로173길 14 (대림동),서울특별시 영등포구 대림동 993-16 영림초등학교,37.48717828,126.9027846,서울특별시 영등포구 대림동
서울 도신초등학교 놀이터,학교,서울특별시 영등포구 도림로53길 32-9 (대림동),서울특별시 영등포구 도림로53길 32-9 (대림동),서울특별시 영등포구 대림동 741-3 도신초등학교,37.49873651,126.9008034,서울특별시 영등포구 대림동
서울대동초등학교놀이시설,학교,서울특별시 영등포구 대림로21길 6 (대림동),서울특별시 영등포구 대림로21길 6 (대림동),서울특별시 영등포구 대림동 702 대동초등학교,37.493344,126.9001526,서울특별시 영등포구 대림동
서울신영초등학교,학교,"서울특별시 영등포구 도신로4길 32, 서울신영초등학교 (대림동)",서울특별시 영등포구 도신로4길 32 (대림동),서울특별시 영등포구 대림동 781 신영초등학교,37.5004235,126.8959029,서울특별시 영등포구 대림동
서울영등포초등학교 놀이시설,학교,서울특별시 영등포구 경인로 756 (문래동1가)서울영등포초등학교,서울특별시 영등포구 경인로 756 (문래동1가),서울특별시 영등포구 문래동1가 35-2 영등포초등학교,37.51280654,126.8986775,서울특별시 영등포구 문래동1가
서울문래초등학교 놀이시설,학교,서울특별시 영등포구 문래로 104 (문래동3가),서울특별시 영등포구 문래로 104 (문래동3가),서울특별시 영등포구 문래동3가 77-7 문래초등학교,37.51868244,126.8933062,서울특별시 영등포구 문래동3가
서울 영문초등학교 놀이터,학교,서울특별시 영등포구 문래로 56 (문래동6가),서울특별시 영등포구 문래로 56 (문래동6가),서울특별시 영등포구 문래동6가 13 영문초등학교,37.51968272,126.8876821,서울특별시 영등포구 문래동6가
서울 대방초등학교 놀이터,학교,서울특별시 영등포구 여의대방로35길 14 (신길동),서울특별시 영등포구 여의대방로35길 14 (신길동),서울특별시 영등포구 신길동 1444 대방초등학교,37.5025309,126.9192314,서울특별시 영등포구 신길동
서울영신초등학교 놀이터,학교,서울특별시 영등포구 도신로60길 23,서울특별시 영등포구 도신로60길 23 (신길동),서울특별시 영등포구 신길동 121 영신초등학교,37.50989011,126.9185333,서울특별시 영등포구 신길동
서울 대길초등학교 놀이터,학교,서울특별시 영등포구 대방천로 206 (신길동),서울특별시 영등포구 대방천로 206 (신길동),서울특별시 영등포구 신길동 4482 대길초등학교,37.49827304,126.9138421,서울특별시 영등포구 신길동
서울우신초등학교 놀이터,학교,서울특별시 영등포구 신길로 190 (신길동),서울특별시 영등포구 신길로 190 (신길동),서울특별시 영등포구 신길동 210 서울우신초등학교,37.50941832,126.9118185,서울특별시 영등포구 신길동
서울도림초등학교놀이터,학교,서울특별시 영등포구 가마산로65길 22 (신길동),서울특별시 영등포구 가마산로65길 22 (신길동),서울특별시 영등포구 신길동 285-1 서울도림초등학교,37.5081148,126.9074054,서울특별시 영등포구 신길동
서울대영초등학교 놀이시설,학교,서울특별시 영등포구 신길로23길 43 (신길동),서울특별시 영등포구 신길로23길 43 (신길동),서울특별시 영등포구 신길동 341-1 대영초등학교,37.50248752,126.9058636,서울특별시 영등포구 신길동
서울선유초등학교 놀이터,학교,서울특별시 영등포구 선유로43가길 14 (양평동3가),서울특별시 영등포구 선유로43가길 14 (양평동3가),서울특별시 영등포구 양평동3가 91,37.53265402,126.8926787,서울특별시 영등포구 양평동3가
당중초등학교 2구역,학교,서울특별시 영등포구 선유로 131 (양평동3가),서울특별시 영등포구 선유로 131 (양평동3가),서울특별시 영등포구 양평동3가 42 당중초등학교,37.52624908,126.8903425,서울특별시 영등포구 양평동3가
당중초등학교 2구역,학교,서울특별시 영등포구 선유로 131 (양평동3가),서울특별시 영등포구 선유로 131 (양평동3가),서울특별시 영등포구 양평동3가 42 당중초등학교,37.52624908,126.8903425,서울특별시 영등포구 양평동3가
서울당산초등학교 놀이터,학교,서울특별시 영등포구 선유로55길 32 (양평동4가),서울특별시 영등포구 선유로55길 32 (양평동4가),서울특별시 영등포구 양평동4가 323 당산초등학교,37.53955383,126.8962208,서울특별시 영등포구 양평동4가
서울 여의도초등학교 놀이터,학교,서울특별시 영등포구 여의대방로 439 (여의도동),서울특별시 영등포구 여의대방로 439 (여의도동),서울특별시 영등포구 여의도동 40-3 여의도초등학교,37.52289549,126.9364906,서울특별시 영등포구 여의도동
서울윤중초등학교 놀이시설,학교,서울특별시 영등포구 여의나루로2길 14,서울특별시 영등포구 여의나루로2길 14 (여의도동),서울특별시 영등포구 여의도동 38 윤중초등학교,37.51952065,126.9228834,서울특별시 영등포구 여의도동
서울영원초등학교 놀이시설,학교,서울특별시 영등포구 도신로29아길 14 (영등포동),서울특별시 영등포구 버드나루로3길 8-1 (영등포동2가),서울특별시 영등포구 영등포동2가 94-288,37.52099758,126.9112189,서울특별시 영등포구 영등포동2가
서울영중초등학교놀이터1,학교,서울특별시 영등포구 양산로 185 (영등포동7가),서울특별시 영등포구 양산로 185 (영등포동7가),서울특별시 영등포구 영등포동7가 53 서울영중초등학교,37.52360633,126.9038772,서울특별시 영등포구 영등포동7가
영중초등학교 놀이터2,학교,서울특별시 영등포구 양산로 185 (영등포동7가),서울특별시 영등포구 양산로 185 (영등포동7가),서울특별시 영등포구 영등포동7가 53 서울영중초등학교,37.52360633,126.9038772,서울특별시 영등포구 영등포동7가
원효초 놀이시설,학교,서울특별시 용산구 효창원로13길 38 (산천동)원효초등학교,서울특별시 용산구 효창원로13길 38 (산천동),서울특별시 용산구 산천동 6-73 원효초등학교,37.53622561,126.9518321,서울특별시 용산구 산천동
서빙고초 놀이시설,학교,서울특별시 용산구 서빙고로51길 14 (서빙고동)서빙고초등학교,서울특별시 용산구 서빙고로51길 14 (서빙고동),서울특별시 용산구 서빙고동 235-1 서빙고초등학교,37.52184943,126.9951526,서울특별시 용산구 서빙고동
용암초 놀이시설 2,학교,서울특별시 용산구 녹사평대로60길 39 (용산동2가)용암초등학교,서울특별시 용산구 녹사평대로60길 39 (용산동2가),서울특별시 용산구 용산동2가 5-1488 용암초등학교,37.54491006,126.9890645,서울특별시 용산구 용산동2가
용암초 놀이시설 1,학교,서울특별시 용산구 녹사평대로60길 39 (용산동2가)용암초등학교,서울특별시 용산구 녹사평대로60길 39 (용산동2가),서울특별시 용산구 용산동2가 5-1488 용암초등학교,37.54491006,126.9890645,서울특별시 용산구 용산동2가
남정초 놀이시설,학교,서울특별시 용산구 원효로64길 17-10 (원효로2가)남정초등학교,서울특별시 용산구 원효로64길 17-10 (원효로2가),서울특별시 용산구 원효로2가 54-1 남정초등학교,37.5363127,126.9649905,서울특별시 용산구 원효로2가
신용산초 놀이시설,학교,서울특별시 용산구 이촌로 255 (이촌동)신용산초등학교,서울특별시 용산구 이촌로 255 (이촌동),서울특별시 용산구 이촌동 301-75 신용산초등학교,37.52001064,126.9758964,서울특별시 용산구 이촌동
보광초 놀이시설,학교,서울특별시 용산구 우사단로 20 (이태원동)보광초등학교,서울특별시 용산구 우사단로 20 (이태원동),서울특별시 용산구 이태원동 15-13 보광초등학교,37.53231549,126.9965179,서울특별시 용산구 이태원동
이태원초 놀이시설,학교,서울특별시 용산구 녹사평대로40길 19 (이태원동)이태원초등학교,서울특별시 용산구 녹사평대로40길 19 (이태원동),서울특별시 용산구 이태원동 406,37.53586514,126.9881438,서울특별시 용산구 이태원동
청파초 놀이시설,학교,서울특별시 용산구 효창원로 228 (청파동2가)청파초등학교,서울특별시 용산구 효창원로 228 (청파동2가),서울특별시 용산구 청파동2가 1-42 청파초등학교,37.54763155,126.96426,서울특별시 용산구 청파동2가
신광초 놀이시설,학교,서울특별시 용산구 청파로 263 (청파동3가)신광초등학교,서울특별시 용산구 청파로 263 (청파동3가),서울특별시 용산구 청파동3가 100 학교법인신광학원,37.54300584,126.9698833,서울특별시 용산구 청파동3가
용산초 놀이시설,학교,서울특별시 용산구 한강대로57길 33 (한강로2가)용산초등학교,서울특별시 용산구 한강대로57길 33 (한강로2가),서울특별시 용산구 한강로2가 1 용산초등학교,37.535289,126.9723137,서울특별시 용산구 한강로2가
한강초 놀이시설,학교,서울특별시 용산구 한강대로14길 9 (한강로3가)한강초등학교,서울특별시 용산구 한강대로14길 9 (한강로3가),서울특별시 용산구 한강로3가 65-5 한강초등학교,37.5252239,126.9650914,서울특별시 용산구 한강로3가
한남초 놀이시설,학교,서울특별시 용산구 한남대로 112 (한남동)한남초등학교,서울특별시 용산구 한남대로 112 (한남동),서울특별시 용산구 한남동 726-1 한남초등학교,37.53901957,127.0052511,서울특별시 용산구 한남동
용산국제학교 놀이터 2,학교,서울특별시 용산구 이태원로 285 (한남동)용산국제학교,서울특별시 용산구 이태원로 285 (한남동),서울특별시 용산구 한남동 산10-212,37.54187252,127.0009977,서울특별시 용산구 한남동
용산국제학교 놀이터 1,학교,서울특별시 용산구 이태원로 285 (한남동)용산국제학교,서울특별시 용산구 이태원로 285 (한남동),서울특별시 용산구 한남동 산10-212,37.54187252,127.0009977,서울특별시 용산구 한남동
금양초 놀이시설,학교,서울특별시 용산구 효창원로 137 (효창동)금양초등학교,서울특별시 용산구 효창원로 137 (효창동),서울특별시 용산구 효창동 126-4 금양초등학교,37.54064723,126.9611476,서울특별시 용산구 효창동
후암초 놀이시설,학교,서울특별시 용산구 두텁바위로 140 (후암동)후암초등학교,서울특별시 용산구 두텁바위로 140 (후암동),서울특별시 용산구 후암동 30-138 후암초등학교,37.55102318,126.9822495,서울특별시 용산구 후암동
삼광초 놀이시설,학교,서울특별시 용산구 두텁바위로1나길 19 (후암동)삼광초등학교,서울특별시 용산구 두텁바위로1나길 19 (후암동),서울특별시 용산구 후암동 190-2 삼광초등학교,37.54723885,126.9766946,서울특별시 용산구 후암동
갈현초 놀이시설,학교,서울특별시 은평구 연서로29길 31 (갈현동),서울특별시 은평구 연서로29길 31 (갈현동),서울특별시 은평구 갈현동 451-15 갈현초등학교,37.61926139,126.9167211,서울특별시 은평구 갈현동
예일초 놀이시설,학교,서울특별시 은평구 연서로 117,서울특별시 은평구 연서로 117 (구산동),"서울특별시 은평구 구산동 8-3 예일여자중학교, 예일여자고등학교",37.61016091,126.9153467,서울특별시 은평구 구산동
구산초 놀이시설,학교,서울특별시 은평구 서오릉로15길 16 (구산동),서울특별시 은평구 서오릉로15길 16 (구산동),서울특별시 은평구 구산동 152-3 구산초등학교,37.61216878,126.9093455,서울특별시 은평구 구산동
구현초 놀이시설,학교,서울특별시 은평구 갈현로15길 51 (구산동),서울특별시 은평구 갈현로15길 51 (구산동),"서울특별시 은평구 구산동 산41-1 은평고등학교, 구현초등학교",37.60911961,126.9058499,서울특별시 은평구 구산동
은평초 놀이시설,학교,서울특별시 은평구 은평로 239,서울특별시 은평구 은평로 239 (녹번동),서울특별시 은평구 녹번동 40-3 은평초등학교,37.6017962,126.9344219,서울특별시 은평구 녹번동
녹번초 놀이시설,학교,서울특별시 은평구 녹번로1길 1,서울특별시 은평구 녹번로1길 1 (녹번동),서울특별시 은평구 녹번동 174 서울녹번초등학교,37.60410025,126.9264248,서울특별시 은평구 녹번동
대은초 놀이시설,학교,서울특별시 은평구 통일로69길 12-15 (대조동),서울특별시 은평구 통일로69길 12-15 (대조동),서울특별시 은평구 대조동 82-5 대은초등학교,37.61182296,126.9262236,서울특별시 은평구 대조동
대조초 놀이시설,학교,서울특별시 은평구 연서로18길 17 (대조동),서울특별시 은평구 연서로18길 17 (대조동),서울특별시 은평구 대조동 212-1 대조초등학교,37.61288904,126.9195904,서울특별시 은평구 대조동
수리초 놀이시설,학교,서울특별시 은평구 불광로14길 10-10 (불광동),서울특별시 은평구 불광로14길 10-10 (불광동),서울특별시 은평구 불광동 639 서울수리초등학교,37.62026808,126.9341825,서울특별시 은평구 불광동
불광초 놀이시설,학교,서울특별시 은평구 불광로 51,서울특별시 은평구 불광로 51 (불광동),서울특별시 은평구 불광동 272-2 불광초등학교,37.61277804,126.931005,서울특별시 은평구 불광동
연신초 놀이시설,학교,서울특별시 은평구 연서로 347,서울특별시 은평구 연서로 347 (불광동),서울특별시 은평구 불광동 73-1 연신초등학교,37.62634153,126.9283768,서울특별시 은평구 불광동
연천초 놀이시설,학교,서울특별시 은평구 연서로34가길 6-22(불광동),서울특별시 은평구 연서로34가길 6-22 (불광동),서울특별시 은평구 불광동 346-75,37.62027734,126.9267627,서울특별시 은평구 불광동
연광초 놀이시설,학교,서울특별시 은평구 연서로35길 37 (불광동),서울특별시 은평구 연서로35길 37 (불광동),서울특별시 은평구 불광동 400-6 연광초등학교,37.62386518,126.9241438,서울특별시 은평구 불광동
수색초 놀이시설(2),학교,서울특별시 은평구 수색로16길 21 (수색동),서울특별시 은평구 수색로16길 21 (수색동),서울특별시 은평구 수색동 129 수색초등학교,37.58509057,126.8954975,서울특별시 은평구 수색동
수색초 놀이시설(1),학교,서울특별시 은평구 수색로16길 21 (수색동),서울특별시 은평구 수색로16길 21 (수색동),서울특별시 은평구 수색동 129 수색초등학교,37.58509057,126.8954975,서울특별시 은평구 수색동
신사초 놀이시설,학교,서울특별시 은평구 가좌로 275-2,서울특별시 은평구 가좌로 275-2 (신사동),서울특별시 은평구 신사동 98-32 신사초등학교,37.59274089,126.912301,서울특별시 은평구 신사동
서신초 놀이시설,학교,서울특별시 은평구 은평터널로 150,서울특별시 은평구 은평터널로 150 (신사동),서울특별시 은평구 신사동 194 서신초등학교,37.59235353,126.9074171,서울특별시 은평구 신사동
서울상신초등학교 놀이터,학교,서울특별시 은평구 가좌로 361,서울특별시 은평구 가좌로 361 (신사동),서울특별시 은평구 신사동 230-11 상신초등학교,37.59742365,126.9052134,서울특별시 은평구 신사동
역촌초 놀이시설,학교,"서울특별시 은평구 은평로3길 25, 서울역촌초등학교 (역촌동)",서울특별시 은평구 은평로3길 25 (역촌동),서울특별시 은평구 역촌동 82-1 역촌초등학교,37.60168031,126.9143724,서울특별시 은평구 역촌동
연은초 놀이시설,학교,서울특별시 은평구 백련산로2길 35 (응암동)연은초등학교,서울특별시 은평구 백련산로2길 35 (응암동),서울특별시 은평구 응암동 242-424 연은초등학교,37.5904402,126.9251697,서울특별시 은평구 응암동
응암초 놀이시설,학교,서울특별시 은평구 가좌로6길 20 (응암동),서울특별시 은평구 가좌로6길 20 (응암동),서울특별시 은평구 응암동 산7-40 서울응암초등학교,37.5887531,126.9216164,서울특별시 은평구 응암동
충암초 놀이시설,학교,서울특별시 은평구 가좌로5길 5,서울특별시 은평구 가좌로5길 5 (응암동),서울특별시 은평구 응암동 272-113 충암학원,37.58496889,126.9213165,서울특별시 은평구 응암동
은명초 놀이시설,학교,"서울특별시 은평구 은평로4길 21-9, 서울은명초등학교 (응암동)",서울특별시 은평구 은평로4길 21-9 (응암동),서울특별시 은평구 응암동 114-12 서울은명초등학교,37.59757342,126.9182155,서울특별시 은평구 응암동
증산초 놀이시설,학교,서울특별시 은평구 증산서길 61 (증산동),서울특별시 은평구 증산서길 61 (증산동),서울특별시 은평구 증산동 212 증산초등학교,37.58242953,126.9045502,서울특별시 은평구 증산동
북한산초 놀이시설,학교,서울특별시 은평구 대서문길 42-3,서울특별시 은평구 대서문길 42-3 (진관동),서울특별시 은평구 진관동 산3 북한산초등학교,37.65276899,126.9513368,서울특별시 은평구 진관동
신도초 놀이시설,학교,서울특별시 은평구 진관1로 77-23 (진관동),서울특별시 은평구 진관1로 77-23 (진관동),서울특별시 은평구 진관동 108 신도초등학교,37.63276631,126.9291181,서울특별시 은평구 진관동
서울은진초등학교 중앙운동장,학교,서울특별시 은평구 진관1로 21-20 (진관동),서울특별시 은평구 진관1로 21-20 (진관동),서울특별시 은평구 진관동 104 은진초등학교,37.63303546,126.9211163,서울특별시 은평구 진관동
은진초 놀이시설,학교,서울특별시 은평구 진관1로 21-20 (진관동),서울특별시 은평구 진관1로 21-20 (진관동),서울특별시 은평구 진관동 104 은진초등학교,37.63303546,126.9211163,서울특별시 은평구 진관동
은빛초 놀이시설,학교,"서울특별시 은평구 진관3로 73-17, 서울은빛초등학교 (진관동)",서울특별시 은평구 진관3로 73-17 (진관동),서울특별시 은평구 진관동 421-1 서울은빛초등학교,37.6426616,126.9190804,서울특별시 은평구 진관동
재동초 놀이시설,학교,서울특별시 종로구 북촌로4길 7 (가회동)재동초등학교,서울특별시 종로구 북촌로4길 7 (가회동),서울특별시 종로구 가회동 210 서울재동초등학교,37.57983106,126.9855375,서울특별시 종로구 가회동
교동초 놀이시설,학교,서울특별시 종로구 삼일대로 446 (경운동)교동초등학교,서울특별시 종로구 삼일대로 446 (경운동),서울특별시 종로구 경운동 2 서울교동초등학교,37.5747637,126.9877947,서울특별시 종로구 경운동
독립문초 놀이시설,학교,서울특별시 종로구 통일로12길 23 (무악동)독립문초등학교,서울특별시 종로구 통일로12길 23 (무악동),서울특별시 종로구 무악동 46-82 독립문초등학교,37.57415295,126.9601237,서울특별시 종로구 무악동
수도사랑의학교 놀이터,학교,서울특별시 종로구 사직로7길 17 (사직동)수도사랑의학교,서울특별시 종로구 사직로7길 17 (사직동),서울특별시 종로구 사직동 262-57 수도사랑의학교,37.5748318,126.9651847,서울특별시 종로구 사직동
서울농학교 놀이시설2,학교,서울특별시 종로구 필운대로 103 (신교동)서울농학교,서울특별시 종로구 필운대로 103 (신교동),서울특별시 종로구 신교동 1-1 국립서울농학교,37.58494405,126.968719,서울특별시 종로구 신교동
서울농학교 놀이시설,학교,서울특별시 종로구 필운대로 103 (신교동)서울농학교,서울특별시 종로구 필운대로 103 (신교동),서울특별시 종로구 신교동 1-1 국립서울농학교,37.58494405,126.968719,서울특별시 종로구 신교동
서울맹학교 놀이터,학교,서울특별시 종로구 필운대로 97 (신교동)서울맹학교,서울특별시 종로구 필운대로 97 (신교동),서울특별시 종로구 신교동 1-4 국립서울맹학교,37.58497332,126.9675572,서울특별시 종로구 신교동
세검정초 놀이시설,학교,서울특별시 종로구 세검정로9길 1 (신영동)세검정초등학교,서울특별시 종로구 세검정로9길 1 (신영동),서울특별시 종로구 신영동 219-4 서울세검정초등학교,37.6031734,126.9609804,서울특별시 종로구 신영동
운현초등학교 작은운동장 놀이터,학교,서울특별시 종로구 삼일대로 460 (운니동)운현초등학교,서울특별시 종로구 삼일대로 460 (운니동),"서울특별시 종로구 운니동 114-7 운현초등학교,유치원,평생교육원,양관",37.57586299,126.9880213,서울특별시 종로구 운니동
운현초등학교 큰운동장 놀이터,학교,서울특별시 종로구 삼일대로 460 (운니동)운현초등학교,서울특별시 종로구 삼일대로 460 (운니동),"서울특별시 종로구 운니동 114-7 운현초등학교,유치원,평생교육원,양관",37.57586299,126.9880213,서울특별시 종로구 운니동
서울사대부초 놀이터,학교,서울특별시 종로구 대학로 64 (이화동)서울사대부속초등학교,서울특별시 종로구 대학로 64 (이화동),"서울특별시 종로구 이화동 149 서울대 사범대학 부설 초등학교,여자중학교",37.57746419,127.0035129,서울특별시 종로구 이화동
창신초 놀이시설,학교,서울특별시 종로구 지봉로 73 (창신동)창신초등학교,서울특별시 종로구 지봉로 73 (창신동),서울특별시 종로구 창신동 128-32 창신초등학교,37.57602113,127.0143211,서울특별시 종로구 창신동
명신초 놀이시설,학교,서울특별시 종로구 낙산길 250 (창신동)명신초등학교,서울특별시 종로구 낙산길 250 (창신동),서울특별시 종로구 창신동 7-40 서울명신초등학교,37.58165273,127.0141942,서울특별시 종로구 창신동
서울청운초등학교 병설유치원 놀이터,학교,서울특별시 종로구 자하문로 105 (청운동)서울청운초등학교,서울특별시 종로구 자하문로 105 (청운동),서울특별시 종로구 청운동 123 청운초등학교,37.58567786,126.9695319,서울특별시 종로구 청운동
청운초 놀이시설,학교,서울특별시 종로구 자하문로 105 (청운동)청운초등학교,서울특별시 종로구 자하문로 105 (청운동),서울특별시 종로구 청운동 123 청운초등학교,37.58567786,126.9695319,서울특별시 종로구 청운동
매동초 놀이시설,학교,서울특별시 종로구 사직로9길 19 (필운동)매동초등학교,서울특별시 종로구 사직로9길 19 (필운동),서울특별시 종로구 필운동 32 매동초등학교,37.57739234,126.9667322,서울특별시 종로구 필운동
상명대부속초 놀이시설,학교,서울특별시 종로구 홍지문2길 1 (홍지동)상명대학교부속초등학교,서울특별시 종로구 홍지문2길 1 (홍지동),서울특별시 종로구 홍지동 56 상명초등학교,37.6007917,126.9563835,서울특별시 종로구 홍지동
효제초 놀이시설,학교,서울특별시 종로구 대학로 12 (효제동)효제초등학교,서울특별시 종로구 대학로 12 (효제동),서울특별시 종로구 효제동 255-4 서울효제초등학교,37.5726764,127.0029518,서울특별시 종로구 효제동
남산초 놀이시설,학교,서울특별시 중구 퇴계로22길 17 (남산동2가)남산초등학교,서울특별시 중구 퇴계로22길 17 (남산동2가),서울특별시 중구 남산동2가 2 남산초등학교,37.56006837,126.9868167,서울특별시 중구 남산동2가
봉래초 놀이시설,학교,서울특별시 중구 손기정로 73 (만리동2가)봉래초등학교,서울특별시 중구 손기정로 73 (만리동2가),서울특별시 중구 만리동2가 2 봉래초등학교,37.55619906,126.9639197,서울특별시 중구 만리동2가
신당초 놀이시설,학교,서울특별시 중구 난계로 141 (신당동)신당초등학교,서울특별시 중구 난계로 141 (신당동),서울특별시 중구 신당동 161-2 서울신당초등학교,37.56396819,127.023741,서울특별시 중구 신당동
동산초 놀이시설,학교,서울특별시 중구 매봉18길 109 (신당동)동산초등학교,서울특별시 중구 매봉18길 109 (신당동),서울특별시 중구 신당동 333-579 동산초등학교,37.55640365,127.0171586,서울특별시 중구 신당동
광희초 놀이시설,학교,서울특별시 중구 다산로 269 (신당동)광희초등학교,서울특별시 중구 다산로 269 (신당동),서울특별시 중구 신당동 254-16 광희초등학교,37.56736914,127.0150969,서울특별시 중구 신당동
흥인초 놀이시설,학교,서울특별시 중구 청구로6길 11 (신당동)흥인초등학교,서울특별시 중구 청구로6길 11 (신당동),서울특별시 중구 신당동 292-66 흥인초등학교,37.560698,127.0144669,서울특별시 중구 신당동
청구초 놀이시설,학교,서울특별시 중구 다산로 170 (신당동)청구초등학교,서울특별시 중구 다산로 170 (신당동),서울특별시 중구 신당동 330-2 청구초등학교,37.5584322,127.0142318,서울특별시 중구 신당동
장충초 놀이시설,학교,서울특별시 중구 청구로17길 40 (신당동)장충초등학교,서울특별시 중구 청구로17길 40 (신당동),서울특별시 중구 신당동 386-86 장충초등학교,37.55945833,127.0112105,서울특별시 중구 신당동
리라초 놀이시설,학교,서울특별시 중구 소파로2길 7 (예장동)리라초등학교,서울특별시 중구 소파로2길 7 (예장동),서울특별시 중구 예장동 8-148 리라초등학교,37.55781534,126.9879092,서울특별시 중구 예장동
숭의초 놀이시설,학교,서울특별시 중구 소파로2길 10 (예장동)숭의초등학교,서울특별시 중구 소파로2길 10 (예장동),서울특별시 중구 예장동 8-3 숭의여자대학교,37.55709548,126.9872454,서울특별시 중구 예장동
충무초 놀이시설,학교,서울특별시 중구 퇴계로50길 13 (장충동2가)충무초등학교,서울특별시 중구 퇴계로50길 13 (장충동2가),서울특별시 중구 장충동2가 173-7 충무초등학교,37.56203896,127.0018221,서울특별시 중구 장충동2가
면북초 놀이시설,학교,서울특별시 중랑구 용마공원로5길 32 서울면북초등학교,실패,서울특별시 중랑구 망우3동 119,37.5942367,127.1034149,서울특별시 중랑구 망우동
동원초 놀이시설,학교,서울특별시 중랑구 송림길 114 (망우동),서울특별시 중랑구 송림길 114 (망우동),서울특별시 중랑구 망우동 216 동원초등학교,37.60490798,127.1048912,서울특별시 중랑구 망우동
망우초 놀이시설,학교,서울특별시 중랑구 망우로72길 49 (망우동),서울특별시 중랑구 망우로72길 49 (망우동),서울특별시 중랑구 망우동 153-1 서울망우초교,37.59832974,127.1034353,서울특별시 중랑구 망우동
면일초 놀이시설,학교,서울특별시 중랑구 용마산로100길 13 (망우동),서울특별시 중랑구 용마산로100길 13 (망우동),서울특별시 중랑구 망우동 440 면일초등학교,37.59198062,127.0993759,서울특별시 중랑구 망우동
면중초 놀이시설,학교,서울특별시 중랑구 용마산로70길 43 (면목동),서울특별시 중랑구 용마산로70길 43 (면목동),서울특별시 중랑구 면목동 491-1 면중초등학교,37.58219602,127.0967672,서울특별시 중랑구 면목동
면남초 놀이시설,학교,서울특별시 중랑구 면목로30나길 38 (면목동),서울특별시 중랑구 면목로30나길 38 (면목동),서울특별시 중랑구 면목동 583-15 면남초등학교,37.57720601,127.0882702,서울특별시 중랑구 면목동
면목초 놀이시설,학교,서울특별시 중랑구 면목로 434 (면목동),서울특별시 중랑구 면목로 434 (면목동),서울특별시 중랑구 면목동 221 면목초등학교,37.59122509,127.0877102,서울특별시 중랑구 면목동
면동초 놀이시설,학교,서울특별시 중랑구 면목로57길 32 (면목동),서울특별시 중랑구 면목로57길 32 (면목동),서울특별시 중랑구 면목동 551 면동초등학교,37.58526945,127.0866736,서울특별시 중랑구 면목동
중곡초 놀이시설,학교,서울특별시 중랑구 면목로23길 20 (면목동),서울특별시 중랑구 면목로23길 20 (면목동),서울특별시 중랑구 면목동 380 중곡초등학교,37.57426433,127.0835443,서울특별시 중랑구 면목동
중목초 놀이시설,학교,서울특별시 중랑구 동일로 665 (면목동),서울특별시 중랑구 동일로 665 (면목동),서울특별시 중랑구 면목동 180-5 중목초등학교,37.59004649,127.079384,서울특별시 중랑구 면목동
중랑초 놀이시설,학교,"서울특별시 중랑구 봉우재로6길 26, 중랑초등학교 (면목동)",서울특별시 중랑구 봉우재로6길 26 (면목동),서울특별시 중랑구 면목동 192-1 중랑초등학교,37.58918119,127.0757889,서울특별시 중랑구 면목동
원묵초어린이놀이시설,학교,서울특별시 중랑구 숙선옹주로 109 (묵동)11,서울특별시 중랑구 숙선옹주로 109 (묵동),서울특별시 중랑구 묵동 11 원묵초등학교,37.61765615,127.0860665,서울특별시 중랑구 묵동
신묵초 놀이시설,학교,서울특별시 중랑구 동일로149길 46 (묵동),서울특별시 중랑구 동일로149길 46 (묵동),서울특별시 중랑구 묵동 246-12 신묵초등학교,37.60717011,127.0755489,서울특별시 중랑구 묵동
묵현초 놀이시설,학교,서울특별시 중랑구 동일로157길 75 (묵동),서울특별시 중랑구 동일로157길 75 (묵동),서울특별시 중랑구 묵동 242-55 묵현초등학교,37.60898359,127.0736411,서울특별시 중랑구 묵동
상봉초 놀이시설,학교,서울특별시 중랑구 동일로126가길 11 (상봉동),서울특별시 중랑구 동일로126가길 11 (상봉동),서울특별시 중랑구 상봉동 312-1 상봉초등학교,37.5979922,127.0837941,서울특별시 중랑구 상봉동
중화초 놀이시설,학교,서울특별시 중랑구 신내로7가길 22 (신내동),서울특별시 중랑구 신내로7가길 22 (신내동),서울특별시 중랑구 신내동 531 중화초등학교,37.60300375,127.09463,서울특별시 중랑구 신내동
신현초 놀이시설,학교,서울특별시 중랑구 봉화산로 188 (신내동),서울특별시 중랑구 봉화산로 188 (신내동),서울특별시 중랑구 신내동 663 신현초등학교,37.60567349,127.0935646,서울특별시 중랑구 신내동
봉화초 놀이시설,학교,서울특별시 중랑구 신내로15길 110 (신내동),서울특별시 중랑구 신내로15길 110 (신내동),서울특별시 중랑구 신내동 655 봉화초등학교,37.61334729,127.0920774,서울특별시 중랑구 신내동
금성초 놀이시설,학교,서울특별시 중랑구 신내로21길 55 (신내동),서울특별시 중랑구 신내로21길 55 (신내동),서울특별시 중랑구 신내동 651 금성초등학교,37.61503679,127.0895912,서울특별시 중랑구 신내동
중흥초 놀이시설,학교,서울특별시 중랑구 봉화산로 82 (중화동),서울특별시 중랑구 봉화산로 82 (중화동),서울특별시 중랑구 중화동 119 서울중흥초등학교,37.60151588,127.084214,서울특별시 중랑구 중화동
묵동초 놀이시설,학교,서울특별시 중랑구 동일로138길 27 (중화동),서울특별시 중랑구 동일로138길 27 (중화동),서울특별시 중랑구 중화동 277-1 묵동초등학교,37.60388288,127.0813508,서울특별시 중랑구 중화동
